"","Tumor non-proliferating_intratumor_aggregatedNeighbors.Tumor.non.proliferating","Tumor non-proliferating_intratumor_aggregatedNeighbors.Tumor.proliferating","Tumor non-proliferating_intratumor_aggregatedNeighbors.CD8.T.cells","Tumor non-proliferating_stromal_aggregatedNeighbors.Tumor.non.proliferating","Tumor non-proliferating_stromal_aggregatedNeighbors.Vessel","Tumor non-proliferating_stromal_aggregatedNeighbors.Fibroblasts","Tumor non-proliferating_stromal_aggregatedNeighbors.CD4.T.cells.naive","Tumor non-proliferating_stromal_aggregatedNeighbors.CD4.T.cells.memory","Tumor non-proliferating_stromal_aggregatedNeighbors.CD4.T.cells.regulatory","Tumor non-proliferating_stromal_aggregatedNeighbors.B.cells","Tumor non-proliferating_stromal_aggregatedNeighbors.CD8.T.cells","Tumor non-proliferating_stromal_aggregatedNeighbors.Myeloid.M1.macrophages","Tumor non-proliferating_stromal_aggregatedNeighbors.Myeloid.M2.macrophages","Tumor non-proliferating_stromal_aggregatedNeighbors.Myeloid.Granulocytes","Tumor non-proliferating_stromal_aggregatedNeighbors.Myeloid.DCs","Tumor non-proliferating_stromal_aggregatedNeighbors.Myeloid.Monocytes","Tumor non-proliferating_tumorfront_aggregatedNeighbors.Tumor.non.proliferating","Tumor non-proliferating_tumorfront_aggregatedNeighbors.Tumor.proliferating","Tumor non-proliferating_tumorfront_aggregatedNeighbors.Vessel","Tumor non-proliferating_tumorfront_aggregatedNeighbors.Fibroblasts","Tumor non-proliferating_tumorfront_aggregatedNeighbors.CD4.T.cells.naive","Tumor non-proliferating_tumorfront_aggregatedNeighbors.CD4.T.cells.memory","Tumor non-proliferating_tumorfront_aggregatedNeighbors.CD4.T.cells.regulatory","Tumor non-proliferating_tumorfront_aggregatedNeighbors.B.cells","Tumor non-proliferating_tumorfront_aggregatedNeighbors.CD8.T.cells","Tumor non-proliferating_tumorfront_aggregatedNeighbors.Myeloid.M1.macrophages","Tumor non-proliferating_tumorfront_aggregatedNeighbors.Myeloid.M2.macrophages","Tumor non-proliferating_tumorfront_aggregatedNeighbors.Myeloid.Granulocytes","Tumor non-proliferating_tumorfront_aggregatedNeighbors.Myeloid.DCs","Tumor non-proliferating_tumorfront_aggregatedNeighbors.Myeloid.Monocytes","Tumor proliferating_intratumor_aggregatedNeighbors.Tumor.non.proliferating","Tumor proliferating_intratumor_aggregatedNeighbors.Tumor.proliferating","Tumor proliferating_intratumor_aggregatedNeighbors.CD8.T.cells","Tumor proliferating_tumorfront_aggregatedNeighbors.Tumor.non.proliferating","Tumor proliferating_tumorfront_aggregatedNeighbors.Tumor.proliferating","Tumor proliferating_tumorfront_aggregatedNeighbors.Vessel","Tumor proliferating_tumorfront_aggregatedNeighbors.Fibroblasts","Tumor proliferating_tumorfront_aggregatedNeighbors.CD4.T.cells.naive","Tumor proliferating_tumorfront_aggregatedNeighbors.CD4.T.cells.memory","Tumor proliferating_tumorfront_aggregatedNeighbors.CD4.T.cells.regulatory","Tumor proliferating_tumorfront_aggregatedNeighbors.B.cells","Tumor proliferating_tumorfront_aggregatedNeighbors.CD8.T.cells","Tumor proliferating_tumorfront_aggregatedNeighbors.Myeloid.M1.macrophages","Tumor proliferating_tumorfront_aggregatedNeighbors.Myeloid.M2.macrophages","Tumor proliferating_tumorfront_aggregatedNeighbors.Myeloid.Granulocytes","Tumor proliferating_tumorfront_aggregatedNeighbors.Myeloid.DCs","Tumor proliferating_tumorfront_aggregatedNeighbors.Myeloid.Monocytes","Vessel_stromal_aggregatedNeighbors.Tumor.non.proliferating","Vessel_stromal_aggregatedNeighbors.Vessel","Vessel_stromal_aggregatedNeighbors.Fibroblasts","Vessel_stromal_aggregatedNeighbors.CD4.T.cells.naive","Vessel_stromal_aggregatedNeighbors.CD4.T.cells.memory","Vessel_stromal_aggregatedNeighbors.CD4.T.cells.regulatory","Vessel_stromal_aggregatedNeighbors.B.cells","Vessel_stromal_aggregatedNeighbors.CD8.T.cells","Vessel_stromal_aggregatedNeighbors.Myeloid.M1.macrophages","Vessel_stromal_aggregatedNeighbors.Myeloid.M2.macrophages","Vessel_stromal_aggregatedNeighbors.Myeloid.Granulocytes","Vessel_stromal_aggregatedNeighbors.Myeloid.DCs","Vessel_stromal_aggregatedNeighbors.Myeloid.Monocytes","Vessel_tumorfront_aggregatedNeighbors.Tumor.non.proliferating","Vessel_tumorfront_aggregatedNeighbors.Tumor.proliferating","Vessel_tumorfront_aggregatedNeighbors.Vessel","Vessel_tumorfront_aggregatedNeighbors.Fibroblasts","Vessel_tumorfront_aggregatedNeighbors.CD4.T.cells.naive","Vessel_tumorfront_aggregatedNeighbors.CD4.T.cells.memory","Vessel_tumorfront_aggregatedNeighbors.CD4.T.cells.regulatory","Vessel_tumorfront_aggregatedNeighbors.B.cells","Vessel_tumorfront_aggregatedNeighbors.CD8.T.cells","Vessel_tumorfront_aggregatedNeighbors.Myeloid.M1.macrophages","Vessel_tumorfront_aggregatedNeighbors.Myeloid.M2.macrophages","Vessel_tumorfront_aggregatedNeighbors.Myeloid.Granulocytes","Vessel_tumorfront_aggregatedNeighbors.Myeloid.DCs","Vessel_tumorfront_aggregatedNeighbors.Myeloid.Monocytes","Fibroblasts_stromal_aggregatedNeighbors.Tumor.non.proliferating","Fibroblasts_stromal_aggregatedNeighbors.Vessel","Fibroblasts_stromal_aggregatedNeighbors.Fibroblasts","Fibroblasts_stromal_aggregatedNeighbors.CD4.T.cells.naive","Fibroblasts_stromal_aggregatedNeighbors.CD4.T.cells.memory","Fibroblasts_stromal_aggregatedNeighbors.CD4.T.cells.regulatory","Fibroblasts_stromal_aggregatedNeighbors.B.cells","Fibroblasts_stromal_aggregatedNeighbors.CD8.T.cells","Fibroblasts_stromal_aggregatedNeighbors.Myeloid.M1.macrophages","Fibroblasts_stromal_aggregatedNeighbors.Myeloid.M2.macrophages","Fibroblasts_stromal_aggregatedNeighbors.Myeloid.Granulocytes","Fibroblasts_stromal_aggregatedNeighbors.Myeloid.DCs","Fibroblasts_stromal_aggregatedNeighbors.Myeloid.Monocytes","Fibroblasts_tumorfront_aggregatedNeighbors.Tumor.non.proliferating","Fibroblasts_tumorfront_aggregatedNeighbors.Tumor.proliferating","Fibroblasts_tumorfront_aggregatedNeighbors.Vessel","Fibroblasts_tumorfront_aggregatedNeighbors.Fibroblasts","Fibroblasts_tumorfront_aggregatedNeighbors.CD4.T.cells.naive","Fibroblasts_tumorfront_aggregatedNeighbors.CD4.T.cells.memory","Fibroblasts_tumorfront_aggregatedNeighbors.CD4.T.cells.regulatory","Fibroblasts_tumorfront_aggregatedNeighbors.B.cells","Fibroblasts_tumorfront_aggregatedNeighbors.CD8.T.cells","Fibroblasts_tumorfront_aggregatedNeighbors.Myeloid.M1.macrophages","Fibroblasts_tumorfront_aggregatedNeighbors.Myeloid.M2.macrophages","Fibroblasts_tumorfront_aggregatedNeighbors.Myeloid.Granulocytes","Fibroblasts_tumorfront_aggregatedNeighbors.Myeloid.DCs","Fibroblasts_tumorfront_aggregatedNeighbors.Myeloid.Monocytes","CD4 T cells naive_stromal_aggregatedNeighbors.Tumor.non.proliferating","CD4 T cells naive_stromal_aggregatedNeighbors.Vessel","CD4 T cells naive_stromal_aggregatedNeighbors.Fibroblasts","CD4 T cells naive_stromal_aggregatedNeighbors.CD4.T.cells.naive","CD4 T cells naive_stromal_aggregatedNeighbors.CD4.T.cells.memory","CD4 T cells naive_stromal_aggregatedNeighbors.CD4.T.cells.regulatory","CD4 T cells naive_stromal_aggregatedNeighbors.B.cells","CD4 T cells naive_stromal_aggregatedNeighbors.CD8.T.cells","CD4 T cells naive_stromal_aggregatedNeighbors.Myeloid.M1.macrophages","CD4 T cells naive_stromal_aggregatedNeighbors.Myeloid.M2.macrophages","CD4 T cells naive_stromal_aggregatedNeighbors.Myeloid.Granulocytes","CD4 T cells naive_stromal_aggregatedNeighbors.Myeloid.DCs","CD4 T cells naive_stromal_aggregatedNeighbors.Myeloid.Monocytes","CD4 T cells naive_tumorfront_aggregatedNeighbors.Tumor.non.proliferating","CD4 T cells naive_tumorfront_aggregatedNeighbors.Tumor.proliferating","CD4 T cells naive_tumorfront_aggregatedNeighbors.Vessel","CD4 T cells naive_tumorfront_aggregatedNeighbors.Fibroblasts","CD4 T cells naive_tumorfront_aggregatedNeighbors.CD4.T.cells.naive","CD4 T cells naive_tumorfront_aggregatedNeighbors.CD4.T.cells.memory","CD4 T cells naive_tumorfront_aggregatedNeighbors.CD4.T.cells.regulatory","CD4 T cells naive_tumorfront_aggregatedNeighbors.B.cells","CD4 T cells naive_tumorfront_aggregatedNeighbors.CD8.T.cells","CD4 T cells naive_tumorfront_aggregatedNeighbors.Myeloid.M1.macrophages","CD4 T cells naive_tumorfront_aggregatedNeighbors.Myeloid.M2.macrophages","CD4 T cells naive_tumorfront_aggregatedNeighbors.Myeloid.Granulocytes","CD4 T cells naive_tumorfront_aggregatedNeighbors.Myeloid.DCs","CD4 T cells naive_tumorfront_aggregatedNeighbors.Myeloid.Monocytes","CD4 T cells memory_stromal_aggregatedNeighbors.Tumor.non.proliferating","CD4 T cells memory_stromal_aggregatedNeighbors.Vessel","CD4 T cells memory_stromal_aggregatedNeighbors.Fibroblasts","CD4 T cells memory_stromal_aggregatedNeighbors.CD4.T.cells.naive","CD4 T cells memory_stromal_aggregatedNeighbors.CD4.T.cells.memory","CD4 T cells memory_stromal_aggregatedNeighbors.CD4.T.cells.regulatory","CD4 T cells memory_stromal_aggregatedNeighbors.B.cells","CD4 T cells memory_stromal_aggregatedNeighbors.CD8.T.cells","CD4 T cells memory_stromal_aggregatedNeighbors.Myeloid.M1.macrophages","CD4 T cells memory_stromal_aggregatedNeighbors.Myeloid.M2.macrophages","CD4 T cells memory_stromal_aggregatedNeighbors.Myeloid.Granulocytes","CD4 T cells memory_stromal_aggregatedNeighbors.Myeloid.DCs","CD4 T cells memory_stromal_aggregatedNeighbors.Myeloid.Monocytes","CD4 T cells memory_tumorfront_aggregatedNeighbors.Tumor.non.proliferating","CD4 T cells memory_tumorfront_aggregatedNeighbors.Tumor.proliferating","CD4 T cells memory_tumorfront_aggregatedNeighbors.Vessel","CD4 T cells memory_tumorfront_aggregatedNeighbors.Fibroblasts","CD4 T cells memory_tumorfront_aggregatedNeighbors.CD4.T.cells.naive","CD4 T cells memory_tumorfront_aggregatedNeighbors.CD4.T.cells.memory","CD4 T cells memory_tumorfront_aggregatedNeighbors.CD4.T.cells.regulatory","CD4 T cells memory_tumorfront_aggregatedNeighbors.B.cells","CD4 T cells memory_tumorfront_aggregatedNeighbors.CD8.T.cells","CD4 T cells memory_tumorfront_aggregatedNeighbors.Myeloid.M1.macrophages","CD4 T cells memory_tumorfront_aggregatedNeighbors.Myeloid.M2.macrophages","CD4 T cells memory_tumorfront_aggregatedNeighbors.Myeloid.Granulocytes","CD4 T cells memory_tumorfront_aggregatedNeighbors.Myeloid.DCs","CD4 T cells memory_tumorfront_aggregatedNeighbors.Myeloid.Monocytes","CD4 T cells regulatory_stromal_aggregatedNeighbors.Tumor.non.proliferating","CD4 T cells regulatory_stromal_aggregatedNeighbors.Vessel","CD4 T cells regulatory_stromal_aggregatedNeighbors.Fibroblasts","CD4 T cells regulatory_stromal_aggregatedNeighbors.CD4.T.cells.naive","CD4 T cells regulatory_stromal_aggregatedNeighbors.CD4.T.cells.memory","CD4 T cells regulatory_stromal_aggregatedNeighbors.CD4.T.cells.regulatory","CD4 T cells regulatory_stromal_aggregatedNeighbors.B.cells","CD4 T cells regulatory_stromal_aggregatedNeighbors.CD8.T.cells","CD4 T cells regulatory_stromal_aggregatedNeighbors.Myeloid.M1.macrophages","CD4 T cells regulatory_stromal_aggregatedNeighbors.Myeloid.M2.macrophages","CD4 T cells regulatory_stromal_aggregatedNeighbors.Myeloid.Granulocytes","CD4 T cells regulatory_stromal_aggregatedNeighbors.Myeloid.DCs","CD4 T cells regulatory_stromal_aggregatedNeighbors.Myeloid.Monocytes","CD4 T cells regulatory_tumorfront_aggregatedNeighbors.Tumor.non.proliferating","CD4 T cells regulatory_tumorfront_aggregatedNeighbors.Tumor.proliferating","CD4 T cells regulatory_tumorfront_aggregatedNeighbors.Vessel","CD4 T cells regulatory_tumorfront_aggregatedNeighbors.Fibroblasts","CD4 T cells regulatory_tumorfront_aggregatedNeighbors.CD4.T.cells.naive","CD4 T cells regulatory_tumorfront_aggregatedNeighbors.CD4.T.cells.memory","CD4 T cells regulatory_tumorfront_aggregatedNeighbors.CD4.T.cells.regulatory","CD4 T cells regulatory_tumorfront_aggregatedNeighbors.B.cells","CD4 T cells regulatory_tumorfront_aggregatedNeighbors.CD8.T.cells","CD4 T cells regulatory_tumorfront_aggregatedNeighbors.Myeloid.M1.macrophages","CD4 T cells regulatory_tumorfront_aggregatedNeighbors.Myeloid.M2.macrophages","CD4 T cells regulatory_tumorfront_aggregatedNeighbors.Myeloid.Granulocytes","CD4 T cells regulatory_tumorfront_aggregatedNeighbors.Myeloid.DCs","CD4 T cells regulatory_tumorfront_aggregatedNeighbors.Myeloid.Monocytes","B cells_stromal_aggregatedNeighbors.Tumor.non.proliferating","B cells_stromal_aggregatedNeighbors.Vessel","B cells_stromal_aggregatedNeighbors.Fibroblasts","B cells_stromal_aggregatedNeighbors.CD4.T.cells.naive","B cells_stromal_aggregatedNeighbors.CD4.T.cells.memory","B cells_stromal_aggregatedNeighbors.CD4.T.cells.regulatory","B cells_stromal_aggregatedNeighbors.B.cells","B cells_stromal_aggregatedNeighbors.CD8.T.cells","B cells_stromal_aggregatedNeighbors.Myeloid.M1.macrophages","B cells_stromal_aggregatedNeighbors.Myeloid.M2.macrophages","B cells_stromal_aggregatedNeighbors.Myeloid.Granulocytes","B cells_stromal_aggregatedNeighbors.Myeloid.DCs","B cells_stromal_aggregatedNeighbors.Myeloid.Monocytes","B cells_tumorfront_aggregatedNeighbors.Tumor.non.proliferating","B cells_tumorfront_aggregatedNeighbors.Tumor.proliferating","B cells_tumorfront_aggregatedNeighbors.Vessel","B cells_tumorfront_aggregatedNeighbors.Fibroblasts","B cells_tumorfront_aggregatedNeighbors.CD4.T.cells.naive","B cells_tumorfront_aggregatedNeighbors.CD4.T.cells.memory","B cells_tumorfront_aggregatedNeighbors.CD4.T.cells.regulatory","B cells_tumorfront_aggregatedNeighbors.B.cells","B cells_tumorfront_aggregatedNeighbors.CD8.T.cells","B cells_tumorfront_aggregatedNeighbors.Myeloid.M1.macrophages","B cells_tumorfront_aggregatedNeighbors.Myeloid.M2.macrophages","B cells_tumorfront_aggregatedNeighbors.Myeloid.Granulocytes","B cells_tumorfront_aggregatedNeighbors.Myeloid.DCs","B cells_tumorfront_aggregatedNeighbors.Myeloid.Monocytes","CD8 T cells_intratumor_aggregatedNeighbors.Tumor.non.proliferating","CD8 T cells_intratumor_aggregatedNeighbors.Tumor.proliferating","CD8 T cells_intratumor_aggregatedNeighbors.CD8.T.cells","CD8 T cells_stromal_aggregatedNeighbors.Tumor.non.proliferating","CD8 T cells_stromal_aggregatedNeighbors.Vessel","CD8 T cells_stromal_aggregatedNeighbors.Fibroblasts","CD8 T cells_stromal_aggregatedNeighbors.CD4.T.cells.naive","CD8 T cells_stromal_aggregatedNeighbors.CD4.T.cells.memory","CD8 T cells_stromal_aggregatedNeighbors.CD4.T.cells.regulatory","CD8 T cells_stromal_aggregatedNeighbors.B.cells","CD8 T cells_stromal_aggregatedNeighbors.CD8.T.cells","CD8 T cells_stromal_aggregatedNeighbors.Myeloid.M1.macrophages","CD8 T cells_stromal_aggregatedNeighbors.Myeloid.M2.macrophages","CD8 T cells_stromal_aggregatedNeighbors.Myeloid.Granulocytes","CD8 T cells_stromal_aggregatedNeighbors.Myeloid.DCs","CD8 T cells_stromal_aggregatedNeighbors.Myeloid.Monocytes","CD8 T cells_tumorfront_aggregatedNeighbors.Tumor.non.proliferating","CD8 T cells_tumorfront_aggregatedNeighbors.Tumor.proliferating","CD8 T cells_tumorfront_aggregatedNeighbors.Vessel","CD8 T cells_tumorfront_aggregatedNeighbors.Fibroblasts","CD8 T cells_tumorfront_aggregatedNeighbors.CD4.T.cells.naive","CD8 T cells_tumorfront_aggregatedNeighbors.CD4.T.cells.memory","CD8 T cells_tumorfront_aggregatedNeighbors.CD4.T.cells.regulatory","CD8 T cells_tumorfront_aggregatedNeighbors.B.cells","CD8 T cells_tumorfront_aggregatedNeighbors.CD8.T.cells","CD8 T cells_tumorfront_aggregatedNeighbors.Myeloid.M1.macrophages","CD8 T cells_tumorfront_aggregatedNeighbors.Myeloid.M2.macrophages","CD8 T cells_tumorfront_aggregatedNeighbors.Myeloid.Granulocytes","CD8 T cells_tumorfront_aggregatedNeighbors.Myeloid.DCs","CD8 T cells_tumorfront_aggregatedNeighbors.Myeloid.Monocytes","Myeloid M1 macrophages_stromal_aggregatedNeighbors.Tumor.non.proliferating","Myeloid M1 macrophages_stromal_aggregatedNeighbors.Vessel","Myeloid M1 macrophages_stromal_aggregatedNeighbors.Fibroblasts","Myeloid M1 macrophages_stromal_aggregatedNeighbors.CD4.T.cells.naive","Myeloid M1 macrophages_stromal_aggregatedNeighbors.CD4.T.cells.memory","Myeloid M1 macrophages_stromal_aggregatedNeighbors.CD4.T.cells.regulatory","Myeloid M1 macrophages_stromal_aggregatedNeighbors.B.cells","Myeloid M1 macrophages_stromal_aggregatedNeighbors.CD8.T.cells","Myeloid M1 macrophages_stromal_aggregatedNeighbors.Myeloid.M1.macrophages","Myeloid M1 macrophages_stromal_aggregatedNeighbors.Myeloid.M2.macrophages","Myeloid M1 macrophages_stromal_aggregatedNeighbors.Myeloid.Granulocytes","Myeloid M1 macrophages_stromal_aggregatedNeighbors.Myeloid.DCs","Myeloid M1 macrophages_stromal_aggregatedNeighbors.Myeloid.Monocytes","Myeloid M1 macrophages_tumorfront_aggregatedNeighbors.Tumor.non.proliferating","Myeloid M1 macrophages_tumorfront_aggregatedNeighbors.Tumor.proliferating","Myeloid M1 macrophages_tumorfront_aggregatedNeighbors.Vessel","Myeloid M1 macrophages_tumorfront_aggregatedNeighbors.Fibroblasts","Myeloid M1 macrophages_tumorfront_aggregatedNeighbors.CD4.T.cells.naive","Myeloid M1 macrophages_tumorfront_aggregatedNeighbors.CD4.T.cells.memory","Myeloid M1 macrophages_tumorfront_aggregatedNeighbors.CD4.T.cells.regulatory","Myeloid M1 macrophages_tumorfront_aggregatedNeighbors.B.cells","Myeloid M1 macrophages_tumorfront_aggregatedNeighbors.CD8.T.cells","Myeloid M1 macrophages_tumorfront_aggregatedNeighbors.Myeloid.M1.macrophages","Myeloid M1 macrophages_tumorfront_aggregatedNeighbors.Myeloid.M2.macrophages","Myeloid M1 macrophages_tumorfront_aggregatedNeighbors.Myeloid.Granulocytes","Myeloid M1 macrophages_tumorfront_aggregatedNeighbors.Myeloid.DCs","Myeloid M1 macrophages_tumorfront_aggregatedNeighbors.Myeloid.Monocytes","Myeloid M2 macrophages_stromal_aggregatedNeighbors.Tumor.non.proliferating","Myeloid M2 macrophages_stromal_aggregatedNeighbors.Vessel","Myeloid M2 macrophages_stromal_aggregatedNeighbors.Fibroblasts","Myeloid M2 macrophages_stromal_aggregatedNeighbors.CD4.T.cells.naive","Myeloid M2 macrophages_stromal_aggregatedNeighbors.CD4.T.cells.memory","Myeloid M2 macrophages_stromal_aggregatedNeighbors.CD4.T.cells.regulatory","Myeloid M2 macrophages_stromal_aggregatedNeighbors.B.cells","Myeloid M2 macrophages_stromal_aggregatedNeighbors.CD8.T.cells","Myeloid M2 macrophages_stromal_aggregatedNeighbors.Myeloid.M1.macrophages","Myeloid M2 macrophages_stromal_aggregatedNeighbors.Myeloid.M2.macrophages","Myeloid M2 macrophages_stromal_aggregatedNeighbors.Myeloid.Granulocytes","Myeloid M2 macrophages_stromal_aggregatedNeighbors.Myeloid.DCs","Myeloid M2 macrophages_stromal_aggregatedNeighbors.Myeloid.Monocytes","Myeloid M2 macrophages_tumorfront_aggregatedNeighbors.Tumor.non.proliferating","Myeloid M2 macrophages_tumorfront_aggregatedNeighbors.Tumor.proliferating","Myeloid M2 macrophages_tumorfront_aggregatedNeighbors.Vessel","Myeloid M2 macrophages_tumorfront_aggregatedNeighbors.Fibroblasts","Myeloid M2 macrophages_tumorfront_aggregatedNeighbors.CD4.T.cells.naive","Myeloid M2 macrophages_tumorfront_aggregatedNeighbors.CD4.T.cells.memory","Myeloid M2 macrophages_tumorfront_aggregatedNeighbors.CD4.T.cells.regulatory","Myeloid M2 macrophages_tumorfront_aggregatedNeighbors.B.cells","Myeloid M2 macrophages_tumorfront_aggregatedNeighbors.CD8.T.cells","Myeloid M2 macrophages_tumorfront_aggregatedNeighbors.Myeloid.M1.macrophages","Myeloid M2 macrophages_tumorfront_aggregatedNeighbors.Myeloid.M2.macrophages","Myeloid M2 macrophages_tumorfront_aggregatedNeighbors.Myeloid.Granulocytes","Myeloid M2 macrophages_tumorfront_aggregatedNeighbors.Myeloid.DCs","Myeloid M2 macrophages_tumorfront_aggregatedNeighbors.Myeloid.Monocytes","Myeloid Granulocytes_stromal_aggregatedNeighbors.Tumor.non.proliferating","Myeloid Granulocytes_stromal_aggregatedNeighbors.Vessel","Myeloid Granulocytes_stromal_aggregatedNeighbors.Fibroblasts","Myeloid Granulocytes_stromal_aggregatedNeighbors.CD4.T.cells.naive","Myeloid Granulocytes_stromal_aggregatedNeighbors.CD4.T.cells.memory","Myeloid Granulocytes_stromal_aggregatedNeighbors.CD4.T.cells.regulatory","Myeloid Granulocytes_stromal_aggregatedNeighbors.B.cells","Myeloid Granulocytes_stromal_aggregatedNeighbors.CD8.T.cells","Myeloid Granulocytes_stromal_aggregatedNeighbors.Myeloid.M1.macrophages","Myeloid Granulocytes_stromal_aggregatedNeighbors.Myeloid.M2.macrophages","Myeloid Granulocytes_stromal_aggregatedNeighbors.Myeloid.Granulocytes","Myeloid Granulocytes_stromal_aggregatedNeighbors.Myeloid.DCs","Myeloid Granulocytes_stromal_aggregatedNeighbors.Myeloid.Monocytes","Myeloid Granulocytes_tumorfront_aggregatedNeighbors.Tumor.non.proliferating","Myeloid Granulocytes_tumorfront_aggregatedNeighbors.Tumor.proliferating","Myeloid Granulocytes_tumorfront_aggregatedNeighbors.Vessel","Myeloid Granulocytes_tumorfront_aggregatedNeighbors.Fibroblasts","Myeloid Granulocytes_tumorfront_aggregatedNeighbors.CD4.T.cells.naive","Myeloid Granulocytes_tumorfront_aggregatedNeighbors.CD4.T.cells.memory","Myeloid Granulocytes_tumorfront_aggregatedNeighbors.CD4.T.cells.regulatory","Myeloid Granulocytes_tumorfront_aggregatedNeighbors.B.cells","Myeloid Granulocytes_tumorfront_aggregatedNeighbors.CD8.T.cells","Myeloid Granulocytes_tumorfront_aggregatedNeighbors.Myeloid.M1.macrophages","Myeloid Granulocytes_tumorfront_aggregatedNeighbors.Myeloid.M2.macrophages","Myeloid Granulocytes_tumorfront_aggregatedNeighbors.Myeloid.Granulocytes","Myeloid Granulocytes_tumorfront_aggregatedNeighbors.Myeloid.DCs","Myeloid Granulocytes_tumorfront_aggregatedNeighbors.Myeloid.Monocytes","Myeloid DCs_stromal_aggregatedNeighbors.Tumor.non.proliferating","Myeloid DCs_stromal_aggregatedNeighbors.Vessel","Myeloid DCs_stromal_aggregatedNeighbors.Fibroblasts","Myeloid DCs_stromal_aggregatedNeighbors.CD4.T.cells.naive","Myeloid DCs_stromal_aggregatedNeighbors.CD4.T.cells.memory","Myeloid DCs_stromal_aggregatedNeighbors.CD4.T.cells.regulatory","Myeloid DCs_stromal_aggregatedNeighbors.B.cells","Myeloid DCs_stromal_aggregatedNeighbors.CD8.T.cells","Myeloid DCs_stromal_aggregatedNeighbors.Myeloid.M1.macrophages","Myeloid DCs_stromal_aggregatedNeighbors.Myeloid.M2.macrophages","Myeloid DCs_stromal_aggregatedNeighbors.Myeloid.Granulocytes","Myeloid DCs_stromal_aggregatedNeighbors.Myeloid.DCs","Myeloid DCs_stromal_aggregatedNeighbors.Myeloid.Monocytes","Myeloid DCs_tumorfront_aggregatedNeighbors.Tumor.non.proliferating","Myeloid DCs_tumorfront_aggregatedNeighbors.Tumor.proliferating","Myeloid DCs_tumorfront_aggregatedNeighbors.Vessel","Myeloid DCs_tumorfront_aggregatedNeighbors.Fibroblasts","Myeloid DCs_tumorfront_aggregatedNeighbors.CD4.T.cells.naive","Myeloid DCs_tumorfront_aggregatedNeighbors.CD4.T.cells.memory","Myeloid DCs_tumorfront_aggregatedNeighbors.CD4.T.cells.regulatory","Myeloid DCs_tumorfront_aggregatedNeighbors.B.cells","Myeloid DCs_tumorfront_aggregatedNeighbors.CD8.T.cells","Myeloid DCs_tumorfront_aggregatedNeighbors.Myeloid.M1.macrophages","Myeloid DCs_tumorfront_aggregatedNeighbors.Myeloid.M2.macrophages","Myeloid DCs_tumorfront_aggregatedNeighbors.Myeloid.Granulocytes","Myeloid DCs_tumorfront_aggregatedNeighbors.Myeloid.DCs","Myeloid DCs_tumorfront_aggregatedNeighbors.Myeloid.Monocytes","Myeloid Monocytes_stromal_aggregatedNeighbors.Tumor.non.proliferating","Myeloid Monocytes_stromal_aggregatedNeighbors.Vessel","Myeloid Monocytes_stromal_aggregatedNeighbors.Fibroblasts","Myeloid Monocytes_stromal_aggregatedNeighbors.CD4.T.cells.naive","Myeloid Monocytes_stromal_aggregatedNeighbors.CD4.T.cells.memory","Myeloid Monocytes_stromal_aggregatedNeighbors.CD4.T.cells.regulatory","Myeloid Monocytes_stromal_aggregatedNeighbors.B.cells","Myeloid Monocytes_stromal_aggregatedNeighbors.CD8.T.cells","Myeloid Monocytes_stromal_aggregatedNeighbors.Myeloid.M1.macrophages","Myeloid Monocytes_stromal_aggregatedNeighbors.Myeloid.M2.macrophages","Myeloid Monocytes_stromal_aggregatedNeighbors.Myeloid.Granulocytes","Myeloid Monocytes_stromal_aggregatedNeighbors.Myeloid.DCs","Myeloid Monocytes_stromal_aggregatedNeighbors.Myeloid.Monocytes","Myeloid Monocytes_tumorfront_aggregatedNeighbors.Tumor.non.proliferating","Myeloid Monocytes_tumorfront_aggregatedNeighbors.Tumor.proliferating","Myeloid Monocytes_tumorfront_aggregatedNeighbors.Vessel","Myeloid Monocytes_tumorfront_aggregatedNeighbors.Fibroblasts","Myeloid Monocytes_tumorfront_aggregatedNeighbors.CD4.T.cells.naive","Myeloid Monocytes_tumorfront_aggregatedNeighbors.CD4.T.cells.memory","Myeloid Monocytes_tumorfront_aggregatedNeighbors.CD4.T.cells.regulatory","Myeloid Monocytes_tumorfront_aggregatedNeighbors.B.cells","Myeloid Monocytes_tumorfront_aggregatedNeighbors.CD8.T.cells","Myeloid Monocytes_tumorfront_aggregatedNeighbors.Myeloid.M1.macrophages","Myeloid Monocytes_tumorfront_aggregatedNeighbors.Myeloid.M2.macrophages","Myeloid Monocytes_tumorfront_aggregatedNeighbors.Myeloid.Granulocytes","Myeloid Monocytes_tumorfront_aggregatedNeighbors.Myeloid.DCs","Myeloid Monocytes_tumorfront_aggregatedNeighbors.Myeloid.Monocytes"
"OC01_001",1,0,0,0.4,0,0,0,0,0,0,0,0,0,0,0,0,0.8,0,0,0,0,0,0,0,0,0,0,0,0,0,0.8,0.2,0,0.8,0.2,0,0,0,0,0,0,0,0,0,0,0,0,0,0.4,0,0,0,0,0,0,0,0,0,0,0,0.4,0,0.2,0,0,0,0,0,0,0,0,0,0,0,0,0,0.4,0,0,0,0,0,0,0,0,0,0,0.25,0,0,0.4,0,0,0,0,0,0,0,0,0,0,0,0.1,0.4,0,0,0,0,0,0,0,0,0,0,0.2,0,0.2,0.2,0,0,0,0,0,0,0,0.2,0,0,0,0,0.425,0,0,0,0,0.2,0,0,0,0,0,0.5,0,0.25,0.2,0,0,0,0,0,0,0,0,0,0,0,0,0,0,0,0,0,0,0,0,0,0,0,0,0,0,0,0,0,0,0,0,0,0,0,0,0,0,0.2,0.225,0,0,0,0,0,0,0,0,0,0,0.4,0,0,0.2,0,0,0,0,0,0,0,0,0,0,0,0,0,0.2,0,0.4,0,0,0,0,0,0,0,0,0,0,0.8,0,0,0,0,0,0,0,0,0,0,0,0,0,0,0.2,0.2,0,0,0,0,0,0,0,0,0,0,0.6,0,0.2,0,0,0,0,0,0,0,0,0,0,0,0,0,0.2,0,0,0,0,0,0,0.1,0,0,0.1,0.4,0,0,0.2,0,0,0,0,0,0,0,0,0,0,0,0.2,0,0,0,0,0,0,0,0,0,0,0,0.4,0,0,0.2,0,0,0,0,0,0,0,0,0,0,0,0.2,0,0,0,0,0,0,0,0,0.2,0,0,0,0,0,0,0,0,0,0,0,0,0,0,0,0,0,0,0.4,0,0,0,0,0,0,0,0,0,0,0.7,0,0,0,0,0,0,0,0,0,0,0,0,0
"OC01_002",1,0,0,0.2,0.2,0.2,0,0,0,0,0,0,0,0,0,0,0.8,0,0,0,0,0,0,0,0,0,0,0,0,0,1,0,0,0.25,0,0.5,0.25,0,0,0,0,0,0,0,0,0,0,0,0.5,0,0,0,0,0,0,0,0,0,0,0,0.2,0,0.4,0,0,0,0,0,0,0,0,0,0,0,0,0,0.4,0,0,0,0,0,0,0,0,0,0,0.2,0,0,0.4,0,0,0,0,0,0,0,0,0,0,0,0.1,0.4,0,0,0,0,0,0,0,0,0,0,0,0,0,0.6,0,0,0,0,0,0,0,0,0,0,0,0,0.2,0,0,0,0,0,0,0,0,0,0,0,0,0.1,0.225,0,0,0,0,0,0,0,0,0,0,0,0,0,0,0,0,0,0,0,0,0,0,0,0,0,0,0,0,0,0,0,0,0,0,0,0,0,0,0.2,0.2,0,0,0,0.2,0,0,0,0,0,0,0,0,0,0.25,0,0,0,0,0,0,0,0,0,0,0,0,0,0,0.325,0.2,0,0,0,0,0,0,0,0,0,0,0,0,0.2,0,0,0,0,0,0,0,0,0,0,0,0,0.2,0.2,0,0,0,0,0,0,0,0,0,0,0.2,0,0.2,0.2,0,0,0,0,0,0,0,0,0,0,0,0.2,0.1,0,0,0,0,0,0,0,0,0,0,0,0,0,0.4,0,0,0,0,0,0,0,0,0,0,0,0.2,0.2,0,0,0,0,0,0,0,0,0,0,0,0,0.1,0,0,0,0,0,0,0,0,0,0,0,0,0,0,0,0,0,0,0,0,0,0.2,0.2,0,0.1,0,0.2,0.1,0,0,0,0,0.1,0.1,0,0.1,0.1,0,0,0.1,0.2,0,0,0,0,0,0,0,0,0,0,0,0,0.2,0.4,0.2,0,0,0,0.2,0,0,0,0,0
"OC01_003",1,0,0,0,0.2,0,0,0,0,0,0,0,0,0,0,0,0.8,0,0,0,0,0,0,0,0,0,0,0,0,0,1,0,0,0.8,0.1,0,0,0,0,0,0,0,0,0,0,0,0,0,0.25,0,0,0,0,0,0,0,0,0,0,0,0.2,0,0.4,0,0,0,0,0,0,0,0,0,0,0,0,0,0.4,0,0,0,0,0,0,0,0,0,0,0.2,0,0.2,0.2,0,0,0,0,0,0,0,0,0,0,0,0,0.4,0,0,0,0,0,0,0,0,0,0,0.4,0,0.2,0.2,0,0,0,0,0,0,0,0,0,0,0,0.1,0.2,0,0,0,0,0,0,0,0,0,0,0,0,0,0.2,0,0,0,0,0.2,0.2,0,0.2,0,0,0,0,0,0,0,0,0,0,0,0,0,0,0,0,0,0,0,0,0,0,0,0,0,0,0,0,0,0,0.2,0,0,0,0,0,0,0,0,0,0,0,0,0,0,0.2,0,0,0,0,0,0,0,0,0,0,0,0,0,0,0.1,0,0,0,0,0,0,0,0,0,0,0,0,0,0,0,0,0,0,0,0.2,0,0,0,0,0,0,0.2,0,0,0,0,0,0,0,0,0,0,0,0.2,0,0,0,0,0,0,0,0,0,0,0,0,0,0,0.1,0,0,0,0,0,0,0,0,0,0,0,0.2,0,0,0,0,0,0,0,0,0,0,0,0,0,0,0.2,0.2,0,0,0,0,0,0,0,0,0,0,0,0,0.2,0,0,0,0,0,0,0,0,0,0,0,0,0,0,0,0,0,0,0,0.1,0,0,0,0,0.3,0,0,0,0,0,0,0,0,0,0.2,0,0.1,0,0,0,0,0,0,0,0,0,0,0,0,0,0,0,0,0.2,0.1,0,0,0,0,0,0,0.1,0.1,0,0
"OC02_001",1,0,0,0,0,0,0,0,0,0,0,0,0,0,0,0.2,0.8,0,0,0,0,0,0,0,0,0,0,0,0,0,1,0,0,1,0,0,0,0,0,0,0,0,0,0,0,0,0,0,0.5,0,0,0,0,0,0,0,0,0,0,0,0,0,0.4,0,0,0,0,0,0,0,0,0,0,0,0,0,0,0.1,0,0,0,0,0,0,0,0,0,0,0,0,0,0.3,0.1,0,0,0.1,0,0,0,0,0,0,0,0,0.2,0,0,0,0,0,0,0,0,0,0,0,0,0,0.2,0,0,0,0.2,0,0,0,0,0,0,0,0,0.25,0,0,0,0.25,0,0,0,0,0,0,0,0,0,0,0,0,0,0,0,0,0,0,0,0,0.291666666666667,0,0.1,0,0,0,0.266666666666667,0,0,0,0,0,0.2,0,0.4,0,0,0.2,0,0,0,0,0,0,0.2,0,0,0,0,0.2,0,0,0.2,0.2,0,0,0,0,0,0,0,0,0.4,0.2,0.2,0,0,0.2,0,0,0,0,0,0.8,0,0.2,0,0,0,0.2,0,0,0,0.25,0,0,0,0,0,0.325,0,0,0,0,0,0,0,0.2,0,0,0,0,0,0,0,0,0.2,0,0,0,0,0,0,0,0,0,0,0,0,0,0.2,0,0,0,0.4,0,0,0,0,0,0,0.333333333333333,0,0,0,0,0,0,0,0,0,0,0,0.2,0,0.3,0,0.1,0.1,0.1,0,0.1,0,0,0,0,0,0,0.225,0,0,0,0,0,0.2,0,0,0,0,0.1,0,0,0,0,0,0,0,0,0,0,0,0,0,0,0,0.25,0,0.2,0,0,0,0,0,0,0,0,0,0.4,0,0.1,0,0.2,0.1,0.1,0,0,0,0,0,0,0.1,0,0.2,0,0.1,0,0,0,0,0,0,0,0,0,0.4,0,0.2,0,0,0,0,0,0.2,0,0,0,0,0
"OC02_002",1,0,0,0,0,1,0,0,0,0,0,0,0,0,0,0,0.8,0,0,0,0,0,0,0,0,0,0,0,0,0,0.8,0.2,0,0.8,0.1,0,0,0,0,0,0,0,0,0,0,0,0,0,0.5,0,0,0,0,0,0,0,0,0,0,0,0.2,0,0.4,0,0,0,0,0,0,0,0,0,0,0,0,0,0.333333333333333,0,0,0,0,0,0,0,0,0,0,0.291666666666667,0,0,0.2,0.2,0,0,0,0,0,0,0,0,0,0,0,0,0.333333333333333,0,0,0,0,0,0,0,0,0,0.2,0,0,0.2,0.2,0,0,0,0,0,0,0,0,0,0,0,0,0,0,0,0,0,0,0,0,0,0,0.35,0,0.2,0.1,0.125,0,0,0,0.125,0,0,0,0,0.1,0,0,0,0,0,0,0,0,0,0,0,0,0,0,0,0,0,0,0,0,0,0,0,0,0,0,0,0,0.166666666666667,0,0.166666666666667,0,0,0,0.666666666666667,0,0,0,0,0,0,0,0,0,0,0,0,0,0,0,0,0,0,0,1,0,0,0,0,0,0.25,0,0,0,0,0,0,0,0,0,0.6,0,0,0,0,0,0,0,0.2,0,0,0,0,0,0,0,0.333333333333333,0.333333333333333,0,0,0,0,0,0,0,0,0,0.2,0,0,0.2,0.2,0,0,0,0,0,0,0,0,0,0,0,0,0.5,0,0,0,0,0,0,0,0,0,0.2,0,0.2,0,0,0,0,0,0,0,0.2,0,0,0,0,0.5,0,0.5,0,0,0,0.25,0,0,0,0,0,0,0,0.5,0,0,0,0,0,0,0,0,0,0,0,0,0,0.125,0,0,0,0,0,0.291666666666667,0,0,0.291666666666667,0.291666666666667,0.4,0,0.2,0,0,0,0,0,0,0,0,0,0,0.2,0,0,0,0,0,0,0,0,0,0,0,0,0,0.2,0,0.2,0,0.2,0,0,0,0,0,0,0,0,0
"OC03_001",1,0,0,0,0.6,0,0,0,0,0,0,0,0,0.2,0,0,0.8,0,0,0,0,0,0,0,0,0,0,0,0,0,1,0,0,0.5,0,0,0,0,0,0,0,0,0,0,0,0,0,0,0.6,0.2,0,0,0,0,0,0,0,0,0,0,0,0,0.25,0,0,0,0,0,0,0,0,0,0,0,0,0.2,0.6,0,0,0,0,0,0,0,0,0,0,0,0,0,0.4,0,0,0,0,0,0,0,0,0,0,0,0,0,0,0.2,0,0,0,0,0,0,0,0,0,0,0.2,0,0,0.2,0,0,0,0,0,0,0,0,0,0,0,0,0.2,0,0,0,0,0,0,0,0,0,0,0.1,0,0,0.2,0,0,0.2,0,0,0,0,0,0,0,0.4,0,0.2,0,0,0,0,0,0,0,0,0,0,0,0,0,0.4,0,0,0,0,0,0,0,0,0,0,0,0,0.2,0,0,0.2,0,0,0,0,0,0,0,0.2,0,0,0.2,0,0,0,0.2,0,0,0,0,0.8,0,0.2,0,0,0,0,0.2,0,0,0.2,0,0,0,0,0,0.1,0,0,0,0,0.2,0,0,0.2,0,0,0,0,0,0,0.2,0.2,0,0,0,0,0,0,0,0,0,0,0,0,0.2,0,0,0.1,0,0,0,0,0,0,0,0,0,0.2,0.4,0,0,0,0,0,0,0,0,0,0,0.1,0,0,0,0,0.2,0,0,0,0,0,0,0,0,0,0.2,0,0,0.2,0,0,0,0.2,0,0,0,0,0.2,0,0.25,0,0,0.2,0,0,0,0,0,0,0,0,0,0,0,0,0,0,0,0,0,0,0,0,0,0,0,0,0,0,0.2,0,0.1,0,0.1,0,0,0,0.1,0,0.2,0.2,0,0,0,0,0,0,0,0,0,0,0,0,0,0,0,0.2,0,0,0.2,0,0,0,0,0
"OC03_002",1,0,0,0,0,0,0,0,0,0,0,0,0,0,0,0,0.8,0,0,0,0,0,0,0,0,0,0,0,0,0,1,0,0,0.6,0,0,0,0,0,0,0,0.4,0,0,0,0,0,0,0.6,0.25,0,0,0,0,0,0,0,0,0,0,0,0,0.4,0,0,0,0,0,0,0,0,0,0,0,0,0.2,0.6,0,0,0,0,0,0,0,0,0,0,0,0,0.2,0.2,0,0,0,0,0,0,0,0,0,0,0,0.2,0.2,0,0,0,0,0,0,0,0,0,0,0,0,0,0,0,0.2,0,0,0.2,0,0,0,0,0,0,0,0.2,0,0.2,0,0,0,0,0,0,0,0,0,0,0.2,0,0,0.2,0,0,0,0,0,0,0,0,0,0.225,0.2,0,0,0,0,0,0,0,0,0,0,0,0,0.25,0,0,0,0,0,0.2,0,0,0,0,0,0,0,0.1,0.1,0.3,0,0,0,0,0,0,0,0,0,0,0.1,0.1,0.1,0,0,0,0.4,0,0,0,0,0,0.8,0,0.2,0,0,0,0,0.2,0,0,0.2,0.1,0,0,0,0,0.2,0,0,0,0,0,0,0,0.2,0,0,0,0,0,0,0,0.1,0,0,0,0,0,0,0,0,0,0,0,0,0,0,0,0,0,0,0.2,0.2,0,0,0,0,0,0.291666666666667,0.2,0,0,0,0,0,0,0,0,0,0,0,0,0,0,0,0.1,0,0,0.2,0.2,0,0,0,0,0,0.1,0.5,0.1,0,0,0,0.2,0,0,0,0,0.1,0,0,0,0,0,0,0,0,0,0,0,0,0,0,0,0,0.2,0.2,0.2,0,0,0.4,0,0,0,0,0,0.2,0,0,0,0,0.2,0,0,0.2,0,0,0,0,0,0,0.225,0.2,0,0,0,0,0,0,0,0,0,0,0.2,0,0.2,0,0,0,0,0,0,0,0,0,0,0
"OC03_003",1,0,0,0.1,0.2,0.4,0,0,0,0,0,0,0,0,0,0,0.8,0,0,0,0,0,0,0,0,0,0,0,0,0,1,0,0,0,0,0,0,0,0,0,0,0,0,0,0,0,0,0,0.6,0.2,0,0,0,0,0,0,0,0,0,0,0,0,0.5,0.2,0,0,0,0,0,0,0,0,0,0,0,0.25,0.4,0,0,0,0,0,0,0,0,0,0,0,0,0.4,0.4,0,0,0,0,0,0,0,0,0,0,0,0,0.2,0,0,0,0,0,0,0,0,0,0,0.2,0,0.4,0.2,0,0,0,0,0,0.2,0,0,0,0,0,0.2,0.2,0,0,0,0,0,0,0,0,0,0,0,0,0.2,0.8,0,0,0,0,0,0,0,0,0,0,0,0,0.25,0,0,0,0,0,0.2,0,0,0,0,0,0,0,0,0,0,0,0,0,0,0,0,0,0,0,0,0,0,0,0,0.2,0,0,0,0,0,0,0,0,0,0,0,0,0,0,0,0,0,0,0,0,0,0,0,0,0,0.2,0,0,0,0,0,0,0,0,0,0,0,0,0,1,0,0,0,0,0,0,0,0,0,0,0,0.2,0,0,0,0,0,0,0.2,0,0,0,0,0,0,0.25,0.2,0,0,0,0,0,0,0,0,0,0,0,0.2,0,0,0,0,0,0,0.2,0,0,0,0,0.25,0,0.25,0.4,0,0,0,0,0,0,0,0,0,0,0,0.2,0,0,0,0,0,0,0.2,0,0,0,0,0,0,0.25,0.5,0,0,0,0,0,0,0,0,0,0,0,0.2,0,0,0,0,0,0,0.2,0,0,0,0,0.225,0,0.55,0.225,0,0,0,0,0,0,0,0,0,0,0,0.2,0.2,0,0,0,0,0,0.2,0,0,0,0,0.1,0,0.2,0.225,0,0,0,0,0,0,0,0,0,0
"OC04_001",1,0,0,0,0,0,0.2,0.2,0.2,0,0,0.4,0,0,0,0,0.8,0,0,0,0,0,0,0,0,0,0,0,0,0,0.8,0.1,0,0.8,0,0,0,0,0,0,0,0,0,0,0,0,0,0,0.5,0,0,0,0,0,0,0,0,0,0,0,0,0,0.4,0,0,0,0,0,0,0,0,0,0,0,0,0,0.2,0,0,0,0,0,0,0,0,0,0,0,0,0,0.2,0,0,0,0,0,0,0,0,0,0,0,0,0.2,0.2,0.2,0,0,0,0,0,0,0,0,0,0,0,0,0,0.2,0,0,0,0,0,0,0,0,0,0,0.1,0.1,0.2,0,0,0,0.2,0,0,0,0,0,0,0.2,0.1,0,0.2,0,0,0,0.2,0,0,0,0,0,0,0,0.2,0.2,0,0,0,0,0,0,0,0,0,0,0,0,0,0.2,0,0,0,0,0,0,0,0,0,0,0,0.2,0.2,0,0,0,0,0,0,0,0,0.5,0,0,0,0,0.25,0,0,0,0,0,0,0,0,1,0,0,0,0,0.1,0,0.2,0,0,0,0.1,0,0,0,0,0.4,0,0,0,0,0,0,0,0.2,0,0,0,0,0,0,0,0,0,0.2,0,0,0,0.2,0,0,0,0,0,0,0.2,0,0,0,0,0,0,0.2,0,0,0,0,0,0.2,0.2,0.2,0,0,0,0,0.2,0,0,0,0,0.2,0,0.3,0,0.1,0,0,0,0,0.1,0,0,0,0,0,0,0,0,0.2,0,0,0,0.2,0,0,0,0,0.1,0,0.325,0,0,0,0,0,0,0,0,0,0,0,0,0,0.2,0.1,0.2,0,0,0,0.2,0,0,0,0,0.4,0,0,0,0,0,0,0,0,0.2,0,0,0,0,0,0,0,0,0.2,0,0,0,0.2,0,0,0,0,0.4,0,0,0,0,0,0,0,0,0,0,0,0,0
"OC04_002",1,0,0,0.1,0.4,0.3,0,0,0,0,0,0,0,0,0,0,0.8,0,0,0,0,0,0,0,0,0,0,0,0,0,0.8,0.2,0,0.6,0.2,0,0,0,0,0,0,0,0,0,0,0,0,0,0.6,0.2,0,0,0,0,0,0,0,0,0,0,0,0,0.5,0.2,0,0,0,0,0,0,0,0,0,0,0,0.4,0.4,0,0,0,0,0,0,0,0,0,0,0,0,0.4,0.4,0,0,0,0,0,0,0,0,0,0,0,0.4,0.2,0,0,0,0,0,0,0,0,0,0,0.4,0,0.2,0.4,0,0,0,0,0,0,0,0,0,0,0,0.5,0.3,0,0,0,0,0,0,0,0,0,0,0.2,0,0.1,0.4,0,0,0,0,0,0,0,0,0,0,0,0.2,0.4,0,0.1,0,0,0,0,0,0.1,0,0,0,0,0.4,0.5,0,0,0,0,0,0.1,0,0,0,0,0,0.5,0.25,0,0,0,0,0,0,0,0,0,0,0,0,0,0,0,0,0,0,0,0,0,0,0,0,0.8,0.2,0,0,0.8,0.1,0,0,0,0,0,0,0,0,0,0,0,0,0.6,0.125,0,0,0,0,0,0,0,0,0,0,0,0.25,0.5,0,0,0,0,0,0,0,0,0,0,0.2,0,0,0,0,0,0,0,0,0.2,0,0,0,0,0,0,0.6,0.2,0,0,0,0,0,0,0,0,0.2,0.4,0,0.4,0,0,0,0,0,0,0,0,0,0,0,0,0.8,0.2,0,0,0,0,0,0,0,0,0,0,0,0,0,0,0,0,0,0,0,0,0,0.6,0,0,0,0,0,0,0,0,0,0,0,0,0,0,0,0,0,0,0,0,0,0,0,0,0,0,0,0,0,0,0.4,0.2,0,0,0,0,0,0,0,0,0,0,0.3,0,0,0.6,0,0.1,0,0,0,0,0,0,0,0
"OC04_003",1,0,0,0.2,0.1,0.1,0,0,0,0,0,0.2,0,0,0,0,0.8,0,0,0,0,0,0,0,0,0,0,0,0,0,1,0,0,0.775,0,0.1,0.1,0,0,0,0,0,0,0,0,0,0,0,0.55,0.2,0,0,0,0,0,0,0,0,0,0,0.2,0,0.4,0.2,0,0,0,0,0,0,0,0,0,0,0,0.2,0.6,0,0,0,0,0,0,0,0,0,0,0,0,0.2,0.4,0,0,0,0,0,0,0,0,0,0,0,0,0.8,0,0,0,0,0,0,0,0,0,0,0.1,0,0.2,0.2,0,0,0,0,0,0.1,0,0,0,0,0,0.1,0.4,0,0,0,0,0,0.2,0,0,0,0,0,0,0,0.5,0,0,0,0,0,0,0,0,0,0,0,0.2,0.4,0,0,0,0,0,0,0,0,0,0,0,0,0,0.4,0,0.1,0,0,0,0,0,0,0,0,0,0.2,0.2,0,0,0,0.2,0,0,0,0,0,0,0.6,0,0.4,0,0,0,0,0,0,0,0,0,0,0,1,0,0,0,0.2,0.6,0,0,0,0,0,0,0,0,0,0,0,0,0.2,0.4,0,0,0,0,0,0,0,0,0,0,0,0.2,0.4,0,0,0,0,0,0,0,0,0,0,0,0,0.2,0.2,0,0,0,0,0,0,0,0,0,0,0,0.25,0.5,0,0,0,0,0,0,0,0,0,0,0,0,0.2,0.2,0,0,0,0,0,0,0,0,0,0,0,0.3,0.475,0,0,0,0,0,0,0,0,0,0,0,0,0,0,0,0,0,0,0,0,0,0,0,0,0,0.4,0.2,0,0,0,0,0,0.2,0,0,0,0,0.4,0,0.2,0,0,0,0,0,0,0,0,0,0,0.1,0,0.2,0.6,0,0,0,0,0,0,0,0,0,0,0.3,0,0.1,0.1,0,0,0,0,0,0,0,0,0,0
"OC05_001",0.8,0,0,0.1,0.4,0,0,0,0,0,0,0.1,0,0,0,0,0.6,0,0,0,0,0,0,0,0,0,0,0,0,0,0.6,0.4,0,0.25,0.2,0,0,0,0,0,0,0,0,0,0,0,0,0,0.6,0,0,0,0,0,0,0,0,0,0,0,0,0,0.6,0,0,0,0,0,0,0,0,0,0,0,0,0.4,0.25,0,0,0,0,0,0,0,0,0,0,0,0,0.2,0.2,0,0,0,0,0,0,0,0,0,0,0,0.2,0,0,0.2,0,0,0,0,0,0,0,0,0,0,0.25,0,0,0,0,0,0,0,0,0,0,0,0,0,0,0,0.25,0,0,0.2,0,0,0,0,0,0,0,0.2,0,0,0,0,0,0,0,0,0,0,0,0,0.4,0,0,0,0,0,0,0,0,0,0,0,0,0,0.225,0,0,0.2,0,0,0,0,0,0,0,0,0,0,0,0,0,0,0.6,0.2,0,0,0,0,0,0,0,0.2,0,0,0,0,0.4,0,0,0,0,0,0,0.8,0.2,0,0,0,0,0,0,0,0.2,0.4,0,0,0,0,0,0,0,0.2,0,0,0,0,0,0.2,0,0,0,0,0,0,0.4,0,0,0,0,0,0,0,0,0,0,0,0,0,0.2,0,0,0,0,0,0,0,0,0,0,0,0,0.4,0,0,0,0,0,0,0,0,0,0,0,0,0,0.6,0,0,0,0,0,0,0,0,0,0,0,0,0.2,0,0,0.2,0,0,0,0,0,0,0,0,0,0.1,0.3,0,0.1,0,0,0,0,0,0,0,0,0,0,0.25,0,0,0.2,0,0,0,0,0,0,0,0,0,0,0.2,0.2,0,0,0,0,0,0,0,0,0,0,0,0.225,0,0,0,0,0.1,0,0,0,0,0,0,0,0,0.4,0,0,0,0,0,0,0,0,0,0,0
"OC05_002",0.8,0,0,0,0.4,0.3,0.2,0,0,0,0.1,0,0,0,0,0,0.6,0,0,0,0,0,0,0,0,0,0,0,0,0,0.8,0.2,0,0.4,0.2,0,0,0,0,0,0,0,0,0,0,0,0,0,0.6,0,0,0,0,0,0,0,0,0,0,0,0,0,0.6,0,0,0,0,0,0,0,0,0,0,0,0,0.25,0.333333333333333,0,0,0,0,0,0,0,0,0,0,0,0,0.2,0.1,0,0.2,0,0,0,0,0,0,0,0,0,0.4,0,0,0,0,0,0,0,0,0,0,0,0,0,0.25,0,0.2,0,0,0,0,0,0,0,0,0,0,0.333333333333333,0,0,0.2,0,0,0,0,0,0,0,0,0.2,0,0.2,0,0,0,0,0,0,0,0,0,0,0,0,0.4,0,0,0.2,0,0,0,0,0,0,0,0,0,0,0.2,0,0.2,0.2,0,0,0,0,0,0,0,0,0,0,0,0,0,0,0.8,0,0,0,0,0,0,0,0,0,0,0,0,0,0.4,0,0,0,0,0,0,0.7,0,0.2,0,0.25,0,0,0,0,0.2,0,0,0,0,0,0,0,0,0,0,0,0,0,0,0.225,0,0,0,0,0,0,0.4,0,0,0,0,0.2,0,0,0,0,0,0,0,0,0,0,0,0,0,0,0,0,0,0,0,0,0,0.5,0,0,0,0,0,0,0,0,0,0,0,0.2,0,0.2,0,0,0,0,0,0.2,0,0,0,0,0,0,0.4,0,0,0,0,0,0,0,0,0,0,0,0,0,0,0,0,0,0,0.2,0,0.2,0,0.2,0,0.2,0,0.5,0,0,0.2,0,0.2,0,0,0,0,0,0.1,0,0,0,0,0,0,0,0.2,0,0.4,0,0.2,0,0.2,0,0.4,0,0,0,0,0.2,0,0,0,0,0,0,0.2,0,0.2,0,0,0,0,0,0,0,0,0,0,0
"OC05_003",1,0,0,0.25,0.2,0.25,0,0,0,0,0,0,0,0,0,0,0.6,0,0,0,0,0,0,0,0,0,0,0,0,0,0.8,0.2,0,0.775,0,0,0,0,0,0,0,0,0,0,0,0,0,0,0.4,0,0,0,0,0,0,0,0,0,0,0,0.2,0,0.25,0.2,0,0,0,0,0,0,0,0,0,0,0,0,0.5,0,0,0,0,0,0,0,0,0,0,0,0,0,0.4,0,0,0,0,0,0,0,0,0,0,0,0.2,0.25,0,0,0,0,0,0.2,0,0,0,0,0,0,0,0.2,0,0,0,0,0,0,0,0,0,0,0,0,0.2,0,0,0,0,0,0.2,0,0,0,0,0,0,0,0.2,0,0,0,0,0,0,0,0,0,0,0,0,0.2,0,0,0,0,0,0,0,0,0,0,0,0,0,0.1,0,0,0,0,0,0,0,0,0,0,0,0.2,0.2,0,0,0,0,0,0,0,0,0,0,0,0,0,0.2,0,0.2,0,0.2,0.2,0,0,0,0,0,0.8,0,0.2,0,0,0.1,0,0,0,0,0.2,0,0,0,0,0,0,0,0,0.2,0,0,0,0,0,0,0,0,0,0,0,0,0,0,0,0,0,0,0.4,0,0,0,0,0,0,0,0,0,0,0,0,0,0.4,0,0,0,0,0,0.2,0,0,0,0,0,0,0,0,0,0,0,0.2,0,0,0,0,0,0,0,0,0,0,0,0,0,0,0,0,0,0,0,0,0,0.25,0,0.2,0,0,0,0,0,0,0,0,0,0,0,0.2,0,0.4,0,0,0,0,0,0,0.2,0,0,0,0.25,0,0,0,0,0,0,0,0,0,0,0,0,0,0.25,0,0,0,0,0,0.2,0.4,0,0,0,0,0,0,0,0,0,0,0,0,0,0,0,0,0,0,0,0.2,0,0,0,0
"OC06_001",1,0,0,0,0,0,0,0,0,0,0,0,0,0,0,0,0.75,0,0,0,0,0,0,0,0,0,0,0,0,0,0.8,0.2,0,0.675,0.2,0,0,0,0,0,0,0,0,0,0,0,0,0,0.6,0,0,0,0,0,0,0,0,0,0,0,0.2,0,0.4,0,0,0,0,0,0,0,0,0,0,0,0,0.25,0.2,0.2,0,0,0,0,0,0,0,0,0,0,0,0.3,0,0.3,0,0,0.1,0,0,0.1,0,0.1,0.1,0,0.2,0,0.2,0,0,0,0.2,0,0,0,0,0,0,0,0,0,0.25,0,0,0,0,0,0,0,0,0,0,0,0,0.2,0,0,0,0.2,0,0,0,0,0,0,0,0,0,0.2,0,0,0,0,0,0,0,0,0,0,0.4,0,0,0.1,0,0,0,0,0,0,0,0,0,0,0.4,0,0.2,0,0,0,0,0,0,0,0.4,0,0,0,0,0.2,0,0,0.2,0.2,0,0,0,0,0,0,0,0,0,0.2,0,0,0.2,0,0,0,0,0,0,0.9,0,0.1,0,0,0,0.2,0,0,0,0.4,0,0,0,0,0,0.2,0,0,0,0.2,0,0,0,0.2,0,0,0,0,0,0,0.2,0,0.2,0,0,0,0,0,0,0,0,0,0.1,0,0,0,0.1,0,0,0,0,0.1,0,0,0,0,0,0.2,0,0.2,0,0,0,0,0,0,0,0,0,0,0,0.2,0,0,0,0,0,0,0,0,0,0,0.2,0,0.25,0,0.2,0,0,0,0,0,0,0.2,0,0,0,0,0.2,0,0.2,0,0,0,0,0.2,0,0.2,0,0,0,0.4,0,0.2,0,0,0,0,0,0,0,0,0,0.2,0,0.2,0,0,0,0,0,0,0,0.2,0,0,0.2,0,0.2,0,0.2,0,0,0,0,0,0,0,0,0,0.2,0,0,0,0.2,0,0,0,0,0,0,0,0,0
"OC06_002",1,0,0,0.2,0.2,0,0,0,0,0,0,0,0,0,0,0,0.8,0,0,0,0,0,0,0,0,0,0,0,0,0,1,0,0,0.6,0.2,0,0,0,0,0,0,0,0,0,0,0,0,0,0.4,0,0,0,0,0,0,0,0,0,0,0,0.2,0,0.333333333333333,0,0,0,0,0,0,0,0,0,0,0,0,0.2,0,0.2,0,0,0,0,0,0,0,0,0,0.25,0,0,0,0,0,0,0,0,0,0,0,0,0,0,0,0,0.2,0,0,0,0.2,0,0,0,0,0,0.2,0,0,0,0,0,0,0,0,0,0,0,0,0,0,0,0,0.2,0,0,0,0.2,0,0,0,0,0,0.4,0,0,0,0,0,0,0,0,0,0,0,0,0,0,0.2,0,0.3,0,0,0,0,0,0,0,0,0,0,0,0.2,0,0.2,0,0,0,0.2,0,0,0,0.2,0,0,0,0,0,0,0,0.2,0.2,0,0,0,0,0,0.2,0,0,0,0.1,0,0,0,0.2,0,0,0,0,0,1,0,0,0,0.2,0,0,0,0,0,0.2,0,0,0,0,0,0.2,0,0,0,0,0,0,0,0.2,0,0,0,0,0,0,0.2,0,0.2,0,0,0,0.2,0,0,0,0,0,0.2,0,0,0,0,0,0,0,0,0,0,0,0,0,0,0,0,0,0,0,0,0,0,0,0,0,0,0.2,0,0.2,0,0,0,0,0,0,0,0,0,0,0,0,0,0,0.2,0,0,0,0.2,0,0,0,0,0,0,0,0,0,0,0,0,0,0.2,0,0,0,0,0,0,0.1,0,0.1,0,0,0,0.2,0,0,0,0,0,0.2,0,0,0,0,0,0,0,0,0,0,0,0,0,0,0,0,0,0,0,0,0,0,0,0,0,0,0.2,0,0,0,0,0,0,0,0,0,0,0,0,0
"OC06_003",0.8,0.2,0,0.6,0.2,0,0,0,0,0,0,0,0,0,0,0,0.775,0,0,0,0,0,0,0,0,0,0,0,0,0,0.8,0.2,0,1,0,0,0,0,0,0,0,0,0,0,0,0,0,0,0.6,0,0,0,0,0,0,0,0,0,0,0,0,0,0.45,0,0.2,0,0,0,0,0,0,0,0,0,0,0,0.2,0.25,0,0,0,0,0,0,0,0,0,0,0,0.291666666666667,0.225,0.225,0,0,0,0,0,0,0,0,0,0,0,0.2,0.333333333333333,0,0,0,0,0,0,0,0,0,0.225,0,0.225,0,0.2,0,0,0,0,0,0,0,0,0,0,0,0.2,0.25,0,0,0,0,0,0,0,0,0,0.4,0,0,0,0,0,0,0,0,0,0,0,0,0,0,0,0.6,0.2,0.2,0,0,0,0,0,0,0,0,0,0,0,0,0,0,0,0,0,0,0,0,0,0,0,0,0,0.2,0,0,0,0,0.2,0,0,0,0,0.2,0,0.2,0,0.3,0,0,0,0.3,0,0,0,0,0,0,0,0,0,0,0,0.25,0,0,0,0,0,0,0,0,0,0.2,0,0,0,0.2,0,0,0,0.2,0,0,0,0,0,0,0,0,0.333333333333333,0,0,0,0,0,0,0,0,0,0,0,0.4,0,0.2,0,0,0,0.2,0,0,0,0,0,0,0.2,0,0.4,0,0,0,0,0,0,0,0,0,1,0,0,0,0,0,0,0,0,0,0,0,0,0,0,0,0,0.25,0,0,0,0,0,0,0,0,0,0,0,0.4,0,0.2,0,0,0,0.4,0,0,0,0,0,0,0.1,0.225,0.125,0,0,0,0.1,0,0,0,0,0,0,0,0,0,0,0,0,0,0,0,0,0,0,0,0,0.2,0,0.25,0,0,0,0,0,0,0,0,0,0,0,0,0.4,0.4,0,0,0,0.2,0,0,0,0,0
"OC07_001",1,0,0,0.2,0.6,0,0,0,0,0,0,0,0,0,0,0,1,0,0,0,0,0,0,0,0,0,0,0,0,0,0.8,0.2,0,0.8,0.2,0,0,0,0,0,0,0,0,0,0,0,0,0,1,0,0,0,0,0,0,0,0,0,0,0,0,0,0.675,0,0,0,0,0,0,0,0,0,0,0,0,0.4,0.6,0,0,0,0,0,0,0,0,0,0,0,0,0.2,0.4,0,0,0,0,0,0,0,0,0,0,0,0.45,0.25,0,0,0,0,0,0,0,0,0,0,0.2,0,0.4,0.2,0,0,0,0,0,0,0,0,0,0,0,0.4,0.4,0,0,0,0,0,0,0,0,0,0,0.25,0,0.2,0.2,0,0,0,0,0,0,0,0,0,0,0,0.45,0.55,0,0,0,0,0,0,0,0,0,0,0.2,0,0.2,0.6,0,0,0,0,0,0,0,0,0,0,0,0.2,0,0,0,0,0.2,0,0.125,0,0,0,0,0,0,0.2,0.2,0,0,0,0,0,0.4,0,0,0,0,1,0,0,0,0.8,0.2,0,0,0,0,0,0,0,0,0,0,0.6,0,0.3,0.1,0,0,0,0,0,0,0,0,0,0,0,0.4,0,0,0,0,0,0,0,0,0,0,0,0,0,0.2,0,0,0,0,0,0,0,0,0,0,0,0,0.6,0.2,0,0,0,0,0,0,0,0,0,0,0,0,0.2,0.8,0,0,0,0,0,0,0,0,0,0,0,0.4,0.2,0,0,0,0,0,0,0,0,0,0,0,0,0.3,0.1,0,0,0,0,0,0.2,0,0,0,0.1,0,0.5,0,0.1,0,0,0,0,0,0,0,0,0,0,0,0,0,0,0,0,0,0,0,0,0,0,0,0,0.675,0.2,0,0,0,0,0,0,0,0,0,0,0.3,0,0.5,0.1,0,0,0,0,0,0,0,0.1,0,0
"OC07_002",1,0,0,0,0.6,0.2,0,0,0,0,0,0,0,0,0,0,0.8,0,0,0,0,0,0,0,0,0,0,0,0,0,0.6,0.4,0,0.675,0.25,0,0,0,0,0,0,0,0,0,0,0,0,0,0.6,0,0,0,0,0,0,0,0,0,0,0,0.2,0,0.4,0,0,0,0,0,0,0,0,0,0,0,0,0.2,0.6,0,0,0,0,0,0,0,0,0,0,0,0,0.2,0.291666666666667,0,0,0,0,0,0,0,0,0,0,0,0.4,0.2,0,0,0,0,0,0,0,0,0,0,0,0,0,0,0,0,0,0,0,0,0,0,0,0,0,0.2,0.366666666666667,0,0,0,0,0,0,0,0,0,0,0,0,0,0,0,0,0,0,0,0,0,0,0,0,0,0.1,0.3,0,0,0,0,0,0.2,0,0,0,0,0,0,0,0,0,0,0,0,0,0,0,0,0,0,0,0.2,0,0,0,0,0.2,0,0.2,0,0,0,0,0,0,0,0,0,0,0,0,0,0,0,0,0,0,1,0,0,0,0.25,0,0,0,0,0,0,0.2,0,0,0,0,0,0,0,0,0,0,0,0,0,0,0,0,0,0,0,0.25,0,0,0,0,0,0,0.2,0,0,0,0,0,0,0,0,0,0,0,0,0,0,0,0,0,0,0,0.4,0,0,0,0,0,0,0,0,0,0,0,0,0,0,0,0,0,0,0,0,0,0,0,0,0,0,0.4,0,0,0,0,0,0,0.2,0,0,0,0,0,0,0,0,0,0,0,0,0,0,0,0,0,0,0,0.2,0,0,0,0,0,0,0.4,0,0,0,0,0,0,0,0,0,0,0,0,0,0,0,0,0,0,0,0.5,0,0,0,0,0,0,0,0,0,0,0,0,0,0,0,0,0,0,0,0,0,0,0,0,0
"OC07_003",1,0,0,0,0.25,0.2,0,0,0,0,0,0,0,0,0,0,0.8,0,0,0,0,0,0,0,0,0,0,0,0,0,1,0,0,0.8,0.1,0,0,0,0,0,0,0,0,0,0,0,0,0,0.5,0.2,0,0,0,0,0,0,0,0,0,0,0.2,0,0.4,0.2,0,0,0,0,0,0,0,0,0,0,0,0.2,0.6,0,0,0,0,0,0,0,0,0,0,0.2,0,0.2,0.4,0,0,0,0,0,0,0,0,0,0,0,0.2,0.4,0,0,0,0,0,0,0,0,0,0,0,0,0.25,0.2,0,0,0,0,0,0,0,0,0,0,0,0.2,0.4,0,0,0,0,0,0,0,0,0,0,0,0,0.2,0.2,0,0.2,0,0,0,0,0,0,0,0,0,0.2,0.4,0,0,0,0,0,0,0,0,0,0,0.2,0,0.25,0.4,0,0,0,0,0,0,0,0,0,0,0,0.225,0,0,0,0,0,0,0.125,0,0,0,0,0,0,0,0,0,0,0,0,0,0,0,0,0,0,0,0,0,0,0.3,0.2,0,0,0,0,0,0.2,0,0,0,0,0,0,0,0,0,0,0,0,0,0,0,0,0,0,0,0.2,0.2,0,0,0,0,0,0.2,0,0,0,0,0,0,0.2,0.2,0,0,0,0,0,0.2,0,0,0,0,0,0.4,0,0,0,0,0,0,0.2,0,0,0,0,0.2,0,0.2,0.2,0,0,0,0,0,0,0,0,0,0,0,0.25,0.2,0,0,0,0,0,0.2,0,0,0,0,0.1,0,0.3,0.2,0,0.1,0,0,0,0,0.2,0,0,0.1,0,0.2,0.2,0,0,0,0,0,0.2,0,0,0,0,0,0,0,0,0,0,0,0,0,0,0,0,0,0,0,0.25,0.2,0,0,0,0,0,0,0,0,0,0,0,0,0.5,0.1,0,0.1,0,0,0,0.1,0.1,0,0,0
"OC08_001",1,0,0,0,0.1,0.366666666666667,0,0.2,0,0,0,0,0,0,0,0,0.8,0,0,0,0,0,0,0,0,0,0,0,0,0,0.8,0.2,0,0.8,0.2,0,0,0,0,0,0,0,0,0,0,0,0,0,0.4,0,0,0,0,0,0,0,0,0,0,0,0.25,0,0.2,0.25,0,0,0,0,0,0,0,0,0,0,0,0,0.6,0,0,0,0,0,0,0,0,0,0,0.25,0,0,0.333333333333333,0,0,0,0,0,0,0,0,0,0,0,0,0.25,0,0,0,0,0,0,0,0,0,0,0.25,0,0,0.25,0,0,0,0,0,0,0,0,0,0,0,0,0.2,0,0.2,0,0,0,0,0,0,0,0,0.2,0,0,0.25,0,0.1,0,0,0,0,0,0,0,0,0,0,0,0,0.25,0,0,0,0,0,0,0,0,0.333333333333333,0,0,0.4,0,0,0,0,0,0,0,0,0,0,0,0,0.25,0,0,0,0,0,0,0,0,0,0,0,0,0,0,0,0,0,0,0,0,0,0,0,0,1,0,0,0,0,0,0,0.2,0,0,0.2,0,0,0,0,0,0.291666666666667,0,0,0.2,0,0,0,0,0,0,0,0,0,0,0,0,0.25,0,0,0,0,0,0,0,0,0,0,0.125,0,0,0.25,0,0,0,0,0,0,0,0,0,0,0,0,0.291666666666667,0,0.291666666666667,0,0,0,0,0,0,0,0,0,0,0,0,0,0,0,0,0,0,0,0,0,0,0,0.1,0,0.3,0.3,0.1,0.1,0,0.1,0,0,0,0,0,0,0,0,0,0,0,0,0,0,0,0,0,0,0,0,0,0,0.2,0,0,0,0.2,0,0,0,0,0,0,0,0,0,0,0,0,0,0,0,0,0,0,0,0.2,0,0,0.2,0,0,0,0,0,0,0,0,0.6,0,0,0,0,0,0,0,0,0,0,0,0,0
"OC08_002",1,0,0,0.2,0.2,0.2,0,0,0,0,0,0,0,0,0,0,0.8,0,0,0,0,0,0,0,0,0,0,0,0,0,0,0,0,0.8,0,0,0,0,0,0,0,0,0,0,0,0,0,0,0.25,0.333333333333333,0,0,0,0,0,0,0,0,0,0,0.2,0,0.4,0.2,0,0,0,0,0,0,0,0,0,0,0,0,0.6,0,0,0,0,0,0,0,0,0,0,0.2,0,0,0.4,0,0,0,0,0,0,0,0,0,0,0,0,0.4,0,0,0,0,0,0,0,0,0,0,0.1,0,0,0.45,0,0.1,0,0,0,0,0,0,0,0,0,0,0.333333333333333,0,0.2,0,0,0,0,0,0,0,0,0.2,0,0,0.2,0,0,0,0,0,0,0,0,0,0,0,0,0.6,0,0,0,0,0,0,0,0,0,0,0,0,0.2,0.4,0,0,0,0,0,0,0,0,0,0,0,0.1,0.125,0,0.1,0,0,0.2,0,0,0,0,0,0,0,0,0,0,0,0,0,0,0,0,0,0,0,0,0,0,0,0,0.4,0,0.2,0,0,0,0,0,0,0,0,0.25,0,0,0,0,0,0,0,0.2,0,0,0,0,0,0,0.2,0.2,0,0,0,0,0,0.2,0,0,0,0,0.4,0,0,0.2,0,0,0,0,0,0,0,0,0,0,0,0,0.2,0,0,0,0,0,0,0,0,0,0,0,0,0.4,0.4,0,0,0,0,0,0,0,0,0,0,0,0.2,0.2,0,0,0,0,0.2,0.2,0,0,0,0.2,0,0,0,0,0,0,0,0,0,0,0,0,0,0,0,0.2,0.2,0,0.3,0,0,0,0.2,0,0,0,0,0,0,0,0,0,0,0,0,0,0,0,0,0,0,0,0.2,0.225,0,0,0,0,0,0,0,0,0,0,0.2,0,0.2,0.2,0,0,0,0,0,0,0,0,0,0
"OC08_003",1,0,0,0,0.1,0.125,0.1,0,0,0,0,0.25,0,0,0,0,0.8,0,0,0,0,0,0,0,0,0,0,0,0,0,1,0,0,0.633333333333333,0.2,0,0,0,0,0,0,0,0,0,0,0,0,0,0.5,0.2,0,0,0,0,0,0,0,0,0,0,0.2,0,0.366666666666667,0.2,0,0,0,0,0,0,0,0,0,0,0,0,0.5,0,0,0,0,0,0,0,0,0,0,0.4,0,0,0.25,0,0,0,0,0,0,0,0,0,0,0,0,0.1,0,0.25,0,0,0,0,0,0,0,0,0.25,0,0,0,0,0.2,0,0,0,0,0,0,0,0,0,0,0,0,0.366666666666667,0,0,0,0,0,0,0,0,0.2,0,0,0.2,0,0,0,0,0,0,0,0,0,0,0,0,0.666666666666667,0,0,0,0,0,0,0,0,0,0,0,0,0,0.75,0,0,0,0,0,0,0,0,0,0.25,0,0,0,0,0.375,0,0,0,0,0,0,0,0,0,0,0,0,0,0,0,0,0,0,0,0,0,0,0.6,0,0.3,0,0.2,0,0,0.25,0,0,0.2,0,0,0,0,0,0.6,0,0,0,0,0,0,0,0.2,0,0,0,0,0,0,0,0,0,0.2,0,0,0,0,0,0,0,0,0.75,0,0,0,0,0,0,0,0,0,0,0,0,0,0,0,0,0,0.2,0,0,0,0,0,0,0,0,0.6,0,0,0,0,0,0,0,0,0,0,0,0,0,0,0,0,0,0,0,0,0,0,0,0,0,0,0,0,0,0,0,0,0,0,0,0,0,0,0,0,0,0,0,0,0,0,0,0,0,0,0,0,0,0.2,0,0,0.2,0,0.4,0,0,0,0,0,0,0,0.2,0,0.25,0.25,0.25,0,0,0,0,0,0,0,0,0,0.6,0,0,0,0,0,0,0,0,0,0,0,0,0
"OC09_001",1,0,0,0,0.2,0,0,0,0,0,0,0,0,0,0,0,0.75,0,0,0,0,0,0,0,0,0,0,0,0,0,0.8,0.2,0,0.8,0,0,0,0,0,0,0,0,0,0,0,0,0,0,0.4,0.2,0,0,0,0,0,0,0,0,0,0,0.2,0,0.2,0,0,0,0,0,0,0,0,0,0,0,0,0,0.6,0,0,0,0,0,0,0,0,0,0,0,0,0,0.6,0,0,0,0,0,0,0,0,0,0,0,0,0.2,0,0,0,0,0,0,0,0,0,0,0.2,0,0,0.1,0,0,0,0,0.1,0,0,0,0,0,0,0,0.2,0,0,0,0,0,0,0,0,0,0,0,0,0,0.2,0,0,0,0,0,0,0,0,0,0,0,0,0.5,0,0.1,0,0,0,0,0,0,0,0,0.6,0,0.2,0,0,0,0,0,0,0,0,0,0,0,0,0,0,0,0,0,0,0.2,0,0,0,0,0,0,0,0,0,0,0.2,0,0,0.2,0,0,0,0,0,1,0,0,0,0,0,0,0,0,0,0.2,0,0,0,0,0,0,0,0,0,0,0,0,0,0,0,0,0,0,0,0,0.1,0.2,0,0,0,0,0,0,0,0,0,0,0.2,0,0.3,0,0.1,0,0,0,0.1,0,0,0,0,0,0,0.2,0,0,0,0,0,0,0,0,0,0,0,0,0,0.1,0.2,0.2,0.1,0,0,0.1,0,0,0,0.1,0,0,0.2,0,0,0,0,0,0,0,0,0,0,0,0.25,0,0.5,0.25,0,0,0,0,0,0,0,0,0,0,0,0,0,0,0,0,0,0,0,0,0,0,0,0.1,0,0.1,0.3,0,0,0,0,0.1,0,0,0,0,0,0,0,0,0,0,0,0,0,0,0,0,0,0,0.5,0,0,0.1,0,0,0,0,0.1,0,0,0,0,0
"OC09_002",1,0,0,0,0,0.2,0,0,0,0,0,0,0,0,0,0,0.8,0,0,0,0,0,0,0,0,0,0,0,0,0,1,0,0,0.8,0,0,0,0,0,0,0,0,0,0,0,0,0,0,0.2,0.2,0,0,0,0,0,0,0,0,0,0,0.2,0,0.2,0,0,0,0,0,0,0,0,0,0,0,0,0,0.6,0,0,0,0,0,0,0,0,0,0,0.2,0,0,0.4,0,0,0,0,0,0,0,0,0,0,0,0,0.6,0,0,0,0,0,0,0,0,0,0,0,0,0,0.2,0,0,0,0,0,0,0,0,0,0,0,0,0.4,0,0,0,0,0,0,0,0,0,0,0,0,0.2,0.2,0,0,0,0,0,0,0,0,0,0,0,0.4,0,0,0,0,0,0.4,0,0,0,0,0,0.2,0,0.2,0.6,0,0,0,0,0,0,0,0,0,0,0,0,0,0,0,0,0,0,0,0,0,0,0,0,0,0.2,0,0,0,0,0,0,0,0,0,0,0,1,0,0,0,0,0.2,0,0,0,0,0.2,0,0,0,0,0,0.4,0,0,0,0,0,0,0,0,0,0,0,0,0,0,0,0.4,0,0,0,0,0,0,0,0,0,0,0.1,0,0.2,0.1,0,0,0,0,0,0,0,0,0,0,0,0.2,0.2,0,0.2,0,0,0,0,0,0,0,0,0,0,0,0,0.2,0,0,0,0.4,0.2,0,0,0,0,0,0.3,0.3,0,0.1,0,0,0,0,0,0,0,0,0.2,0,0.6,0,0,0,0,0,0,0,0,0,0,0,0,0,0,0,0,0,0,0,0,0,0,0,0,0.2,0,0,0,0,0,0,0,0,0,0,0,0,0,0,0.2,0.2,0,0,0,0,0,0,0,0,0,0,0.2,0,0,0.2,0,0,0,0,0,0,0,0,0,0.2
"OC09_003",1,0,0,0.2,0,0.3,0,0,0,0,0,0,0,0,0,0,0.8,0,0,0,0,0,0,0,0,0,0,0,0,0,0.9,0.1,0,0.8,0,0,0,0,0,0,0,0,0,0,0,0,0,0,0.4,0,0,0,0,0,0,0,0,0,0,0,0,0,0.4,0.1,0,0,0,0,0,0,0,0,0,0,0,0,0.4,0,0,0,0,0,0,0,0,0,0,0.2,0,0.2,0.25,0,0,0,0,0,0,0,0,0,0,0,0.2,0.4,0,0,0,0,0,0,0,0,0,0,0,0,0.2,0.2,0,0,0,0,0,0,0,0,0,0,0,0.2,0.2,0,0,0,0,0,0,0,0,0,0,0,0,0,0.2,0,0,0,0,0,0,0,0,0,0,0,0.3,0,0,0,0,0.2,0,0,0,0,0,0.1,0.1,0,0.1,0.3,0.1,0.1,0,0,0,0,0,0,0,0.1,0,0.2,0.2,0,0,0,0.2,0,0,0,0,0,0,0,0,0.2,0,0,0,0,0,0,0,0,0,0,0,0.833333333333333,0,0.166666666666667,0,0.2,0.2,0,0,0,0,0,0,0,0,0,0,0,0,0,0,0,0,0,0,0,0,0,0,0,0,0,0.2,0.2,0,0,0,0,0,0,0,0,0,0,0,0,0.2,0.2,0,0,0,0,0,0,0,0,0,0,0,0.2,0.4,0,0.2,0,0,0,0,0,0,0,0,0.2,0,0.3,0.1,0,0,0,0,0,0.1,0,0,0,0,0,0.2,0,0,0,0,0,0,0,0,0,0,0,0,0,0.2,0.2,0,0,0,0,0,0,0,0,0,0,0,0.225,0.225,0,0,0,0,0,0,0,0,0,0,0.2,0,0.2,0,0,0,0,0,0,0,0,0,0,0,0,0.2,0,0,0,0,0,0,0,0,0,0,0,0.2,0,0.2,0,0,0,0,0,0,0,0,0,0,0
"OC10_001",1,0,0,0.225,0,0,0,0,0,0,0,0,0,0,0,0,1,0,0,0,0,0,0,0,0,0,0,0,0,0,0,0,0,1,0,0,0,0,0,0,0,0,0,0,0,0,0,0,0.4,0,0,0,0,0,0,0,0,0,0,0,0.25,0,0.4,0,0,0,0,0,0,0,0,0,0,0,0,0,0.2,0,0,0,0,0,0,0,0,0,0,0.2,0,0.2,0.2,0,0,0,0,0,0,0,0,0,0,0,0,0,0,0,0,0,0,0,0,0,0,0,0.3,0,0,0,0,0.1,0,0,0.1,0,0,0,0,0.1,0,0,0,0,0,0,0.2,0,0,0,0,0,0,0.3,0,0,0.2,0,0,0,0,0,0,0,0,0,0,0,0,0,0,0.333333333333333,0,0.166666666666667,0,0.333333333333333,0,0,0,0,0,0,0.4,0,0,0,0,0,0,0.2,0,0,0.2,0,0,0,0,0,0,0,0.4,0,0,0,0,0,0,0.2,0,0.2,0.2,0.1,0,0,0,0.2,0,0,0,0,0,1,0,0,0,0,0,0,0,0,0.2,0.2,0,0,0,0,0,0.4,0,0,0,0,0,0,0,0,0,0,0,0,0,0,0,0,0,0,0,0,0,0.2,0,0,0,0,0.3,0,0,0,0,0,0,0,0,0,0,0,0,0,0,0.2,0.25,0,0,0,0,0,0,0,0,0,0,0,0,0,0,0,0,0,0,0,0,0,0,0,0,0,0,0,0,0,0,0,0,0.2,0,0.4,0,0,0.4,0,0,0,0,0,0,0,0,0.4,0,0,0,0,0,0,0,0,0,0,0,0,0.2,0,0,0,0,0.5,0,0,0,0,0,0,0,0,0.1,0,0,0,0,0,0,0,0,0,0,0,0,0,0,0,0,0,0.6,0,0,0,0,0,0,0,0,0,0,0,0,0
"OC10_002",1,0,0,0.2,0,0,0,0,0,0,0,0,0,0,0,0,0.8,0,0,0,0,0,0,0,0,0,0,0,0,0,0,0,0,0,0,0,0,0,0,0,0,0,0,0,0,0,0,0,0.2,0,0,0,0,0,0,0,0,0,0,0,0.2,0,0.2,0,0,0,0,0,0,0,0,0,0,0,0,0,0.2,0,0,0,0,0,0,0,0,0,0,0.2,0,0,0.4,0,0,0,0,0,0,0,0,0,0,0,0,0.2,0,0,0,0,0,0,0,0,0,0,0,0,0,0.5,0,0,0,0,0,0,0,0,0,0,0,0,0,0,0,0,0,0,0,0,0,0,0,0.1,0,0,0.4,0,0,0,0,0,0,0,0,0,0,0,0,0,0,0,0,0,0,0,0,0,0,0,0,0,0,0,0,0,0,0,0,0,0,0,0,0,0,0,0.1,0,0,0,0,0,0,0,0,0,0,0,0,0,0,0,0,0,0,0,0,0,0,0,0,1,0,0,0,0,0.2,0,0,0,0,0,0,0,0,0,0,0.25,0,0,0.2,0,0,0,0,0,0,0,0,0,0,0,0.2,0.2,0,0,0,0,0,0,0,0,0,0,0.1,0,0,0.2,0,0,0,0,0,0,0,0,0,0,0,0,0.2,0,0,0,0,0,0,0.2,0,0,0,0,0,0.2,0,0,0.1,0,0,0,0,0,0,0.2,0,0,0,0.1,0.1,0.1,0,0.1,0,0,0,0,0,0,0,0,0,0,0,0,0,0,0,0,0,0,0,0,0,0,0,0,0,0,0,0,0,0,0,0.2,0.2,0,0,0,0.1,0,0.1,0,0,0.1,0.1,0.2,0,0,0,0,0,0.2,0,0,0,0,0,0,0,0,0,0,0,0,0,0,0,0,0,0,0,0,0,0,0,0
"OC10_003",1,0,0,0.2,0.2,0,0,0,0,0,0,0,0,0,0,0,1,0,0,0,0,0,0,0,0,0,0,0,0,0,1,0,0,0.6,0,0.4,0,0,0,0,0,0,0,0,0,0,0,0,0.6,0,0,0,0,0,0,0,0,0,0,0,0.2,0,0.4,0.2,0,0,0,0,0,0,0,0,0,0,0,0.4,0.4,0,0,0,0,0,0,0,0,0,0,0.2,0,0.2,0.2,0,0,0,0,0,0,0,0,0,0,0,0,0,0,0,0,0,0,0,0,0,0,0,0,0,0,0,0,0,0,0,0,0,0,0,0,0,0,0,0,0,0,0,0,0,0,0,0,0,0,0,0,0,0,0,0,0,0,0,0,0,0,0,0,0,0,0,0,0,0,0,0,0,0,0,0,0,0,0,0,0,0,0,0,0,0,0,0,0,0,0,0,0,0,0,0,0,0,0,0,0,0,0,0,0,0,0,0,0,0,0,0,0,0,0,0,0,0,1,0,0,0,0,0,0,0,0,0,0,0,0,0,0,0,0.2,0,0.2,0,0,0,0,0,0,0,0,0,0,0,0,0.2,0,0,0,0,0,0,0,0,0,0,0,0.3,0,0.25,0,0,0,0,0,0.125,0,0,0,0,0,0,0,0,0,0,0,0,0,0,0,0,0,0,0,0,0,0,0,0,0,0,0,0,0,0,0,0,0,0,0,0,0,0,0,0,0,0,0,0,0,0,0,0.8,0.2,0,0,0,0,0,0,0,0,0,0,0,0,0,0,0,0,0,0,0,0,0,0,0,0,0,0.2,0.2,0,0,0,0,0.2,0,0,0,0,0,0,0,0,0,0,0,0,0,0,0,0,0,0,0,0,0,0,0,0,0,0,0,0,0,0,0,0
"OC11_001",1,0,0,0,0,0,0,0,0,0,0,0,0,0,0,0,0.8,0,0,0,0,0,0,0,0,0,0,0,0,0,1,0,0,0,0,0,0,0,0,0,0,0,0,0,0,0,0,0,0.6,0,0,0,0,0,0,0,0,0,0,0,0,0,0.2,0.2,0,0,0,0,0,0,0,0,0,0,0,0,0.6,0,0,0,0,0,0,0,0,0,0,0.2,0,0,0.4,0,0,0,0,0,0,0,0,0,0,0,0.225,0.4,0,0,0,0,0,0,0,0,0,0,0.4,0,0.2,0.2,0.2,0,0,0,0,0,0,0,0,0,0,0.1,0.6,0,0,0,0,0,0,0,0,0,0,0.3,0,0.1,0.5,0,0,0,0,0,0,0,0,0,0,0,0.1,0.9,0,0,0,0,0,0,0,0,0,0,0,0,0,0,0,0,0,0,0,0,0,0,0,0,0,0,0.4,0,0,0,0,0,0,0,0,0,0,0,0,0,0,0,0,0,0,0,0,0,0,0,0,1,0,0,0,0.1,0.4,0,0,0,0,0,0,0,0,0,0,0.2,0,0,0.2,0,0,0,0,0,0,0,0,0,0,0,0.1,0.3,0,0,0,0,0,0,0,0,0,0,0.1,0,0,0.1,0,0,0,0,0,0,0,0,0,0,0,0.25,0,0,0,0,0,0,0,0,0,0,0,0,0,0,0,0,0,0,0,0,0,0,0,0,0,0,0,0.6,0,0,0,0,0,0,0,0,0,0,0,0,0,0,0,0,0,0,0,0,0,0,0,0,0,0,0,0,0,0,0,0,0,0,0,0,0,0,0,0,0,0,0,0,0,0,0,0,0,0,0,0,0.5,0.1,0,0,0,0,0,0,0,0,0,0,0,0,0,0.2,0,0,0,0,0,0,0,0,0,0
"OC11_002",1,0,0,0.2,0,0,0,0,0,0,0,0,0,0,0,0,0.8,0,0,0,0,0,0,0,0,0,0,0,0,0,0,0,0,0.8,0,0.2,0,0,0,0,0,0,0,0,0,0,0,0,0.1,0,0,0,0,0,0,0,0,0,0,0,0,0,0,0,0,0,0,0,0,0,0,0,0,0,0,0,0.6,0,0,0,0,0,0,0,0,0,0,0,0,0,0.25,0,0,0,0,0,0,0,0,0,0,0,0,0.4,0,0,0,0,0,0,0,0,0,0,0,0,0,0.3,0,0,0,0,0,0,0,0,0,0,0,0,0.2,0,0,0,0,0,0,0,0,0,0,0,0,0,0,0,0,0,0,0,0,0,0,0,0,0,0,0.2,0,0,0,0,0.2,0,0,0,0,0,0,0,0,0,0,0,0,0,0,0,0,0,0,0,0,0,0.4,0,0,0,0,0,0,0,0,0,0,0,0,0,0.3,0,0,0,0,0,0.1,0,0,0,0,0,0,0,0,0,0.2,0,0,0,0,0,0,0,0,0,0,0,0,0,0,0,0,0,0,0,0,0,0,0,0,0,0.2,0.2,0,0,0,0,0,0,0,0,0,0,0,0,0,0.2,0,0,0,0,0,0,0,0,0,0,0,0,0.2,0,0,0,0,0,0,0,0,0,0,0.1,0,0,0.2,0,0,0,0,0,0,0.2,0,0,0,0,0.2,0.2,0,0,0,0,0,0,0,0,0,0,0,0,0,0,0,0,0,0,0,0,0,0,0,0,0,0,0,0,0,0,0,0,0,0,0,0,0,0,0,0,0,0,0,0,0,0,0,0,0,0,0,0,0,0.4,0,0,0,0,0,0,0,0,0,0,0,0,0,0.2,0,0,0,0,0,0,0,0,0,0
"OC11_003",0.8,0,0,0,0.325,0.35,0,0,0,0,0,0,0,0,0.1,0,0.4,0,0,0,0,0,0,0,0,0,0,0,0,0,0,0,0,0,0,0,0,0,0,0,0,0,0,0,0,0,0,0,0.2,0,0,0,0,0,0,0,0,0,0,0,0,0,0,0,0,0,0,0,0,0,0,0,0,0,0,0,0.6,0,0,0,0,0,0,0,0,0,0,0,0,0,0.4,0,0,0,0,0,0,0,0,0,0,0,0,0.2,0,0,0,0,0,0,0,0,0,0,0,0,0.1,0,0.1,0,0,0,0.1,0,0,0,0,0,0,0,0.2,0,0,0,0,0.2,0,0,0,0,0,0,0,0,0.1,0,0,0,0,0.2,0,0,0,0,0,0,0.2,0.4,0,0,0,0,0.2,0,0,0,0,0,0,0,0,0,0,0,0,0,0,0,0,0,0,0,0,0,0,0,0,0,0,0,0,0,0,0,0,0.4,0,0,0,0,0,0,0,0,0,0,0,0,0,0.4,0,0,0,0,0,0,0,0,0,0.2,0,0,0,0,0,0,0,0,0,0,0,0,0,0.2,0,0,0,0,0,0,0,0,0,0,0,0,0,0,0,0,0,0,0,0,0,0,0,0,0,0,0.1,0,0,0,0,0,0,0.1,0,0,0.1,0,0,0,0,0,0,0,0,0,0,0,0,0.1,0,0,0,0.2,0,0,0,0,0,0,0,0,0,0,0,0,0,0,0,0,0,0,0,0,0,0,0,0,0,0,0,0,0,0,0,0,0,0,0,0,0,0,0,0,0,0,0,0,0,0,0,0,0,0,0,0,0,0,0,0,0,0,0,0,0,0.3,0,0,0,0,0,0,0,0,0,0,0.2,0,0.1,0.1,0,0.1,0,0.1,0,0,0,0,0,0
"OC12_001",1,0,0,0,0,0.2,0.2,0.4,0,0,0,0.2,0,0,0,0,0.8,0,0,0,0,0,0,0,0,0,0,0,0,0,0.8,0,0,0.75,0,0,0,0,0,0,0,0,0,0,0,0,0,0,0.6,0,0,0,0,0,0,0,0,0,0,0,0.2,0,0.25,0,0,0,0,0,0,0,0,0,0,0,0,0.2,0.25,0,0.1,0,0,0,0,0,0,0,0,0.2,0,0.2,0,0,0.2,0,0,0,0,0,0,0,0,0,0,0,0.2,0.2,0,0,0,0,0,0,0,0,0,0,0.2,0,0.2,0,0,0,0,0,0,0,0,0,0,0,0,0.2,0.2,0,0,0,0,0,0,0,0,0,0,0.2,0,0.2,0.2,0,0,0,0,0,0,0,0,0,0,0,0,0.25,0,0,0,0,0,0,0,0,0,0,0,0,0.2,0,0,0,0.2,0,0,0,0,0,0,0,0,0.2,0,0,0.2,0.2,0,0,0,0,0,0,0,0,0,0,0,0,0.2,0.5,0,0,0,0,0,0.8,0,0,0,0,0,0.2,0.2,0,0,0.4,0,0,0,0,0,0,0,0,0,0.2,0,0,0,0.4,0,0,0,0,0,0,0,0,0.2,0.2,0,0,0,0,0,0,0,0,0.2,0,0.2,0,0.2,0,0,0,0,0,0,0,0,0,0,0.2,0,0.2,0.2,0,0,0,0,0,0,0,0,0.2,0,0.2,0,0.2,0,0,0,0,0,0,0,0,0,0,0.2,0,0.2,0,0,0,0,0,0,0,0,0,0,0,0.4,0,0,0.2,0,0,0,0.2,0.2,0,0,0,0,0.2,0,0.2,0.2,0,0,0,0,0,0,0,0,0,0,0.2,0,0.2,0,0,0,0,0,0,0,0,0,0,0,0,0,0.2,0,0,0,0,0,0,0,0,0.2,0,0.25,0,0.2,0,0,0,0,0,0,0,0,0
"OC12_002",1,0,0,0.6,0,0,0,0,0,0,0,0,0,0,0,0,0.8,0,0,0,0,0,0,0,0,0,0,0,0,0,1,0,0,0.6,0.2,0,0,0,0,0,0,0,0,0,0,0,0,0,0.6,0,0.2,0,0,0,0,0,0,0,0,0,0.4,0,0.4,0,0,0,0,0,0,0,0,0,0,0,0,0.2,0,0.2,0,0,0,0,0,0,0,0,0.2,0.4,0,0.2,0,0,0,0,0,0,0,0,0,0,0,0,0.2,0,0.2,0,0,0,0,0,0,0,0,0,0.4,0,0.2,0,0.2,0,0,0,0,0,0,0,0,0,0,0.2,0,0.1,0.2,0,0,0,0,0,0,0,0,0.2,0,0.4,0,0,0,0,0,0,0,0,0,0,0,0,0,0,0,0,0,0,0,0,0,0,0,0,0,0,0,0,0,0,0,0,0,0,0,0,0,0,0,0,0,0,0,0,0,0,0,0,0,0,0,0,0,0,0,0,0,0,0,0,0,0,0,0,0,0,0,0,0,0.4,0,0.2,0,0,0,0.1,0,0,0,0,0,0.4,0,0,0,0,0,0,0,0,0,0,0,0,0,0,0.5,0.1,0.1,0,0,0,0,0,0,0,0,0,0.25,0,0.2,0,0,0,0,0,0,0,0,0,0,0,0,0.2,0,0.4,0,0,0,0,0,0,0,0,0,0.2,0,0.2,0,0,0,0,0,0,0,0,0,0,0,0,0.4,0,0.2,0,0,0,0,0,0,0,0,0,0,0,0.2,0,0.2,0,0,0,0,0,0,0,0,0.2,0,0.4,0,0.4,0.2,0,0,0,0,0,0,0,0,0.2,0,0.2,0,0.2,0.1,0,0,0,0,0,0,0,0.3,0,0.3,0,0.2,0,0,0,0,0,0,0,0,0,0.4,0,0.2,0,0.1,0,0,0,0,0,0,0,0,0
"OC12_003",1,0,0,0.25,0.25,0,0,0.25,0,0,0,0,0,0,0,0,0.75,0,0,0,0,0,0,0,0,0,0,0,0,0,0.875,0.125,0,0.6,0,0,0,0,0,0,0,0,0,0,0,0,0,0,0.6,0,0,0,0,0,0,0,0,0,0,0,0.2,0,0.333333333333333,0,0,0,0,0,0,0,0,0,0,0,0,0.2,0.2,0,0,0,0,0,0,0,0,0,0,0.2,0,0.1,0,0,0,0,0,0,0,0,0,0,0,0,0.2,0,0.2,0.2,0,0,0,0,0,0,0,0,0,0,0.2,0,0.2,0,0,0,0,0,0,0,0,0,0,0.2,0,0.2,0.2,0,0,0,0,0,0,0,0,0,0,0,0,0,0,0,0,0,0,0,0,0,0,0,0.2,0,0.2,0.2,0,0,0,0,0,0,0,0,0,0,0.2,0,0.2,0.2,0,0,0,0,0,0,0,0,0,0,0,0.2,0,0,0,0,0,0,0,0,0,0,0,0,0,0,0,0,0,0,0,0,0,0,0,0,0,0,0,0.2,0,0.2,0.2,0,0,0.2,0,0,0,0,0,0,0,0.2,0,0,0,0,0,0.2,0,0,0,0,0,0,0.2,0,0.2,0,0,0,0,0,0,0,0,0,0,0,0.2,0,0,0,0,0,0,0,0,0,0,0.2,0,0.2,0,0,0,0,0,0,0,0,0,0,0,0,0,0.2,0,0.2,0,0,0,0,0,0,0,0,0,0,0.2,0,0,0.2,0,0,0,0,0,0,0,0,0,0,0.4,0,0.1,0.1,0.1,0,0.1,0,0.1,0,0.1,0,0,0.2,0,0.2,0,0,0,0,0,0,0,0.1,0,0,0,0.1,0,0,0,0,0,0,0,0,0,0.2,0,0,0.2,0,0.2,0,0,0,0,0,0,0,0,0,0,0,0.2,0,0.2,0,0,0,0,0,0,0,0,0
"OC13_001",0.8,0,0,0,0.2,0,0,0,0,0,0,0,0,0,0,0,0.6,0,0,0,0,0,0,0,0.2,0,0,0,0,0,0.8,0.2,0,0.6,0.1,0,0,0,0,0,0,0,0,0,0,0,0,0,0.5,0,0,0,0,0,0,0,0,0,0,0,0.2,0,0.4,0,0,0,0,0,0.2,0,0,0,0,0,0,0,0.6,0,0,0,0,0,0,0,0,0,0,0.2,0,0,0.4,0,0,0,0,0,0,0,0,0,0,0,0.2,0.2,0.2,0,0,0,0,0,0,0,0,0,0.2,0,0,0.2,0,0,0,0,0,0,0,0,0,0,0,0.2,0.2,0,0,0,0,0,0,0,0,0,0,0,0,0,0,0,0,0,0,0.2,0,0,0,0,0,0,0,0.4,0,0.2,0,0,0.2,0,0,0,0,0,0.2,0,0,0,0,0,0,0,0,0,0,0,0,0,0,0,0,0.2,0,0,0,0.2,0,0,0,0,0,0.325,0,0.1,0,0,0.1,0,0,0.3,0,0,0,0,0,0.775,0,0.2,0,0.2,0,0,0,0,0,0.25,0,0,0,0,0,0.2,0,0,0,0,0,0,0,0.5,0,0,0,0,0,0,0.2,0.2,0.2,0.2,0,0,0,0,0,0,0,0,0,0,0.2,0,0,0,0,0,0.2,0,0,0,0,0,0,0.5,0,0,0,0,0,0.2,0,0,0,0,0,0.2,0,0.1,0,0,0.1,0,0,0.325,0,0,0,0,0,0,0.4,0.2,0,0.2,0,0,0,0,0,0,0,0,0.2,0,0.4,0,0,0,0,0,0.4,0,0,0,0,0,0,0,0.2,0,0.2,0,0,0,0,0,0,0,0,0.1,0,0,0,0,0.3,0,0,0.2,0,0,0,0,0,0,0.2,0,0,0,0,0,0.2,0,0,0,0,0,0.366666666666667,0,0,0,0,0,0,0,0,0,0,0,0,0
"OC13_002",1,0,0,0,0,0,0,0,0,0,0,0,0,0,0,0,0.8,0,0,0,0,0,0,0,0,0,0,0,0,0,0.6,0.3,0,0.6,0.25,0,0,0,0,0,0,0,0,0,0,0,0,0,0.6,0,0,0,0,0,0,0,0,0,0,0,0.2,0,0.4,0,0,0,0,0,0,0,0,0,0,0,0,0.2,0.4,0,0,0,0,0,0,0,0,0,0,0,0,0.25,0.25,0,0,0,0,0,0,0,0,0,0,0,0.2,0.25,0,0,0,0,0.2,0,0,0,0,0,0,0,0.3,0,0.2,0,0,0,0,0,0,0,0,0,0,0.2,0.225,0,0,0,0,0,0,0,0,0,0,0,0,0.1,0.2,0,0,0,0,0,0,0,0,0,0,0,0.425,0.125,0,0.125,0,0,0.2,0.125,0,0,0,0,0.2,0,0.2,0,0,0,0,0,0,0,0,0,0,0,0,0.25,0.2,0,0,0,0,0.2,0,0,0,0,0,0.1,0,0.2,0.2,0,0.1,0,0,0,0,0,0,0,0,0.8,0,0,0,0.2,0.2,0,0,0,0,0.2,0,0,0,0,0,0,0,0.4,0,0,0,0,0,0.2,0,0,0,0,0,0,0.25,0.2,0,0,0,0,0,0,0,0,0,0,0.2,0,0.325,0,0,0,0,0,0.1,0,0,0,0,0,0,0.6,0,0,0,0,0,0,0,0,0,0,0,0.2,0,0.2,0,0,0,0,0,0,0,0,0,0,0,0,0.25,0.2,0,0,0,0,0,0,0,0,0,0,0,0,0.4,0,0,0,0,0,0,0,0,0,0,0,0,0,0.8,0,0,0,0,0.2,0,0,0,0,0,0.4,0,0,0,0,0.2,0,0.2,0,0,0,0.2,0,0,0,0.25,0.2,0,0,0,0,0,0,0,0,0,0,0.1,0,0.2,0,0,0,0,0,0.2,0,0,0.1,0,0
"OC13_003",0.75,0,0.2,0,0.125,0,0.225,0.325,0,0,0.225,0,0.1,0,0,0,0.4,0.2,0,0,0,0,0,0,0,0,0,0,0,0,0.2,0.6,0.1,0.2,0.4,0,0,0,0,0,0,0,0,0,0,0,0,0,0.6,0,0,0,0,0,0,0,0,0,0,0,0,0,0.4,0,0,0,0,0,0.2,0,0,0,0,0,0,0.2,0,0.2,0,0,0,0,0,0,0,0,0,0,0,0.1,0,0,0.2,0,0,0.2,0.1,0,0,0,0,0,0.2,0,0.2,0,0,0,0.2,0,0,0,0,0,0,0,0,0,0.2,0.2,0,0,0.2,0,0,0,0,0,0,0.2,0,0,0.2,0,0,0.2,0,0,0,0,0,0,0,0,0,0,0.2,0,0,0.2,0,0,0,0,0,0,0.2,0,0.2,0.2,0,0,0.2,0,0,0,0,0,0,0,0.2,0,0,0.1,0,0,0,0,0,0,0,0,0,0.1,0,0,0,0,0.2,0.2,0,0,0,0,0,0,0,0,0,0,0,0,0.2,0.2,0,0,0,0,0,0.4,0.2,0.2,0,0.2,0,0,0,0,0,0.25,0,0,0,0,0,0,0,0,0,0,0,0,0,0.4,0,0,0,0,0,0,0.2,0,0,0,0,0,0,0,0,0,0,0,0,0,0,0,0,0,0,0,0,0.2,0,0,0,0,0,0.4,0,0,0,0,0,0,0,0,0,0,0,0,0,0.2,0,0,0,0,0,0.2,0,0,0,0,0,0,0.2,0,0.2,0,0,0,0,0,0,0,0,0,0,0,0.2,0,0.3,0.2,0,0,0,0.2,0,0,0,0.1,0,0.2,0,0.2,0,0,0,0,0,0,0,0,0,0.1,0,0,0,0,0.2,0,0,0.3,0,0,0,0,0.2,0,0.2,0,0,0.2,0,0,0.2,0,0,0,0,0,0,0,0,0,0,0.2,0,0,0.2,0,0,0,0,0
"OC17_001",1,0,0,0,0.4,0,0,0,0,0,0.2,0.2,0,0,0,0.2,0.6,0,0,0,0,0,0,0,0,0,0,0,0,0,1,0,0,0.6,0.2,0,0,0,0,0,0,0,0,0,0,0,0,0,0.6,0,0,0,0,0,0,0,0,0,0,0,0,0,0.4,0,0,0.2,0,0,0,0,0,0,0,0,0,0.25,0.4,0,0,0,0,0,0,0,0,0,0,0.2,0,0,0,0,0.2,0,0,0,0,0,0,0,0,0,0.25,0,0,0.2,0,0,0,0,0,0,0,0,0,0,0.2,0,0,0.2,0,0,0,0,0,0,0,0,0,0.2,0,0,0.2,0,0,0.2,0,0,0,0,0,0,0,0,0,0,0.2,0,0,0,0,0,0,0,0,0,0.2,0,0,0.2,0,0,0,0,0,0,0,0,0.25,0,0,0,0,0.2,0,0,0,0,0,0,0,0,0,0.2,0,0,0.1,0,0,0.291666666666667,0,0,0,0,0,0,0,0.6,0,0,0.2,0,0,0,0,0,0,0,0.2,1,0,0,0,0.2,0,0,0.2,0,0,0.2,0,0,0,0,0,0.2,0,0,0,0,0.2,0,0,0.2,0,0,0,0,0,0,0.2,0,0,0.2,0,0,0,0,0,0,0,0,0,0,0.2,0,0.2,0.2,0,0,0,0,0,0,0,0,0,0.4,0,0,0,0,0,0,0,0,0,0,0,0,0,0.4,0,0,0.2,0,0,0,0,0,0,0,0,0,0.366666666666667,0,0,0,0,0,0,0,0,0,0,0,0.2,0,0,0,0,0.2,0,0,0.2,0,0,0,0,0.2,0,0.2,0,0,0.2,0,0,0,0,0,0,0,0,0,0,0,0,0.2,0,0,0,0,0,0,0.2,0.2,0.2,0,0.25,0,0,0,0,0,0,0,0,0,0,0,0,0,0.2,0,0,0.2,0,0,0,0,0,0,0,0
"OC17_002",0.8,0.2,0,0,0.625,0.125,0.125,0,0,0,0.125,0,0,0,0,0,0.5,0.2,0,0,0,0,0,0,0,0,0,0,0,0,0.6,0.4,0,0.4,0.4,0,0,0,0,0,0,0,0,0,0,0,0,0,0.75,0,0,0,0,0,0,0,0,0,0,0,0,0,0.4,0,0,0,0,0,0,0,0,0,0,0,0,0.4,0.2,0,0,0,0,0,0,0,0,0,0,0,0,0.4,0.2,0,0,0,0,0,0,0,0,0,0,0,0.4,0,0,0,0,0,0,0,0,0,0,0,0,0,0.25,0,0,0,0,0,0,0,0,0,0,0,0,0.4,0,0,0.2,0,0,0,0,0,0,0,0,0.2,0,0.2,0,0,0,0,0,0,0,0,0,0,0,0,1,0,0,0,0,0,0,0,0,0,0,0,0,0,0.3,0.1,0.4,0.1,0,0,0,0,0,0.1,0,0,0,0,0,0,0,0,0,0,0,0,0,0,0,0,0,0,0,0,0,0,0,0,0,0,0,0,0,0.8,0.2,0,0,0.4,0,0,0,0,0,0,0,0,0,0,0,0.2,0,0,0,0,0,0,0,0.2,0,0,0,0,0,0,0.4,0,0,0,0,0,0,0.2,0,0,0,0,0,0,0,0,0,0.2,0,0,0,0.2,0,0,0,0.2,0,0.6,0,0,0,0,0,0,0,0,0,0,0,0,0,0.4,0,0,0,0,0,0,0,0,0,0,0,0,0.55,0,0,0,0,0,0,0,0,0,0,0,0,0,0.1,0,0,0,0,0,0,0.2,0,0.1,0,0.2,0,0,0,0.1,0.1,0,0,0.1,0.3,0,0.1,0,0.1,0.25,0,0.25,0,0,0,0,0,0.25,0,0,0,0,0.25,0,0.6,0,0,0,0,0,0,0,0,0,0,0,0,0,0.1,0,0,0,0,0,0,0.2,0,0,0,0.2
"OC17_003",1,0,0,0,0,0,0,0,0,0,0,0,0,0,0,0,0.6,0,0,0,0,0,0,0,0,0,0,0,0,0,0.775,0.225,0,0.4,0.2,0,0,0,0,0,0,0,0,0,0,0,0,0,0.6,0,0,0,0,0,0,0,0,0,0,0,0,0,0.4,0,0,0,0,0,0,0,0,0,0,0,0,0.2,0.333333333333333,0,0,0,0,0,0,0,0,0,0,0,0,0.2,0,0,0.2,0,0,0,0,0,0,0,0,0,0.25,0,0,0.2,0,0,0,0,0,0,0,0,0,0,0.2,0,0,0,0,0,0,0,0,0,0,0,0,0.2,0,0,0.2,0,0,0,0,0,0,0,0,0,0,0,0,0,0.2,0,0,0,0,0,0,0,0,0,0.2,0,0,0.2,0,0,0,0,0,0,0,0,0,0,0,0,0,0.2,0,0,0.2,0,0,0,0,0,0,0,0,0.2,0.2,0,0,0.4,0,0,0,0,0,0,0,0,0,0,0,0,0,0,0,0,0,0,0,1,0,0,0,0.2,0,0,0.2,0,0,0.2,0,0,0,0,0,0,0,0,0,0,0.2,0,0,0.2,0,0,0,0,0,0,0.25,0,0,0.2,0,0,0,0,0,0,0,0,0,0,0,0,0,0.2,0,0,0,0.2,0,0,0,0,0,0.4,0,0,0.2,0,0,0,0,0,0,0,0,0,0,0.3,0,0.1,0,0,0,0,0,0,0,0,0,0,0.25,0,0,0.2,0,0,0,0,0,0.2,0,0,0,0,0,0,0,0.2,0,0,0,0.2,0,0.4,0,0,0,0.2,0,0,0.2,0,0,0,0,0,0,0,0,0.2,0,0,0,0,0.1,0,0,0,0.1,0,0,0,0.1,0,0.25,0,0,0.2,0,0,0,0,0,0,0,0,0,0,0.2,0,0,0.2,0,0,0,0,0,0,0,0
"OC18_001",0.8,0.2,0,0,0,0,0,0,0,0,0,0,0,0,0,0,0.75,0,0,0,0,0,0,0,0,0,0,0,0,0,0.6,0.2,0,0.6,0.4,0,0,0,0,0,0,0,0,0,0,0,0,0,0.708333333333333,0,0,0,0,0,0,0,0,0,0,0,0,0,0.5,0,0,0,0,0,0,0,0,0,0,0,0,0,0.333333333333333,0,0,0,0,0,0,0,0,0,0,0.125,0,0,0.125,0.125,0,0,0,0,0,0,0,0,0,0,0,0.25,0,0,0,0,0,0,0,0,0,0,0.1,0,0,0,0.1,0,0,0,0.2,0,0,0,0,0,0,0,0.333333333333333,0,0,0,0,0,0,0,0,0,0,0.3,0.1,0,0.25,0,0,0,0,0.1,0,0,0,0,0.25,0,0,0,0,0,0,0,0,0,0,0,0,0,0,0,0,0,0,0,0,0,0,0,0,0,0,0,0,0,0.166666666666667,0,0,0,0,0.166666666666667,0,0,0,0,0,0,0,0.1,0,0.325,0,0,0.225,0.225,0,0,0,0,0.125,0.7,0.2,0,0,0,0,0,0,0,0,0.2,0,0,0,0,0,0.25,0,0,0,0,0,0,0,0.333333333333333,0,0,0,0,0,0,0,0,0.291666666666667,0,0,0,0.291666666666667,0,0.125,0,0,0,0.2,0,0.25,0.1,0.1,0,0,0,0.35,0,0,0,0,0,0,0,0.333333333333333,0,0,0,0,0,0,0.2,0,0,0,0,0,0,0,0.225,0,0,0,0.166666666666667,0,0,0,0,0,0,1,0,0,0,0,0,0,0,0,0,0,0,0,0,0,0,0,0,0,0,0,0,0,0,0,0,0,0,0,0,0,0,0,0,0,0,0,0,0,0,0,0,0,0,0,0,0,0,0,0,0,0,0,0,0,0.5,0,0,0,0,0,0,0.25,0,0,0,0.25,0,0,0,0.125,0,0,0,0.125,0,0,0,0,0
"OC18_002",0.6,0.4,0,0,0,0,0,0,0,0,0,0,0,0,0,0,0.4,0.4,0,0,0,0,0,0,0,0,0,0,0,0,0.25,0.6,0,0.2,0.6,0,0,0,0,0,0,0,0,0,0,0,0,0,0.6,0,0,0,0,0,0,0,0,0,0,0,0.2,0.2,0.2,0,0.1,0,0,0,0,0,0,0,0,0,0,0,0.2,0.2,0,0,0,0.2,0,0,0,0,0,0.2,0.2,0,0.2,0,0,0,0,0,0,0,0,0,0,0,0.4,0.2,0.2,0,0,0,0,0,0,0,0,0,0.2,0.2,0,0,0.2,0,0,0,0,0,0,0,0,0,0,0,0,0,0,0,0,0,0,0,0,0,0,0,0,0,0.3,0.2,0,0,0,0,0,0,0,0,0,0,0,0,0,0,0,0,0,0,0,0,0,0,0,0,0,0,0,0,0,0,0,0,0,0,0,0,0,0,0,0,0,0,0,0,0,0,0,0,0,0,0,0,0,0,0,0,0,0,0,0,0,0,0,0.225,0.775,0,0,0.2,0.1,0.2,0.2,0,0,0.2,0,0,0,0,0.1,0.2,0.4,0,0,0,0,0,0,0,0,0,0,0,0,0,0,0,0,0,0,0,0,0,0,0,0,0,0.2,0.2,0,0.1,0.2,0,0,0,0,0,0,0,0,0,0,0,0,0,0,0,0,0,0,0,0,0,0,0.2,0.2,0,0.2,0,0,0,0,0,0,0,0,0,0,0,0,0,0,0,0,0,0,0,0,0,0,0,0.2,0.4,0.2,0,0.2,0,0,0,0,0,0,0,0,0,0,0,0,0,0,0,0,0,0,0,0,0,0,0,0,0,0,0,0,0,0,0,0,0,0,0,0,0,0.2,0.2,0.2,0,0,0,0.4,0,0,0,0,0,0.2,0.4,0,0,0,0,0,0,0,0,0,0,0,0
"OC18_003",0.2,0.8,0,0,0,0.2,0,0.2,0,0,0,0,0,0,0,0.6,0.4,0,0,0,0,0,0,0,0,0,0,0,0,0,0,0.8,0,0,0.8,0,0,0,0,0,0,0,0,0,0,0,0,0,0.4,0,0,0,0,0,0,0,0,0,0,0,0,0,0.4,0,0,0,0,0,0,0,0,0,0,0,0,0,0,0.2,0,0,0,0,0,0,0,0,0,0,0.2,0,0.2,0,0,0,0,0,0,0,0,0,0,0,0,0,0.2,0,0,0,0.2,0,0,0,0,0,0,0,0,0,0.2,0,0,0,0,0,0,0,0,0,0,0,0,0.2,0.1,0,0,0.2,0,0,0,0,0,0,0,0.1,0,0,0,0,0,0,0,0,0,0,0,0,0,0,0.3,0.1,0,0,0.3,0,0,0,0,0,0,0,0,0,0,0,0,0,0,0,0,0,0,0,0,0,0,0.2,0,0,0.2,0.2,0,0,0,0,0,0,0,0.2,0,0,0,0,0,0.2,0,0,0,0,0.2,0,0.8,0,0,0,0,0.2,0,0,0,0.2,0,0,0,0,0,0,0,0,0,0,0,0,0,0.2,0,0,0,0,0,0,0,0,0.2,0,0,0,0.1,0,0,0,0,0.2,0,0.2,0,0,0,0,0,0,0,0,0,0,0,0,0,0,0,0.2,0,0,0,0.2,0,0.2,0,0,0,0,0,0,0,0,0,0,0,0.2,0,0,0,0,0,0,0,0,0.2,0,0,0,0.2,0,0,0,0,0.2,0,0,0.2,0,0.1,0,0,0,0,0,0,0,0,0,0,0,0,0,0,0,0,0,0,0,0,0,0,0,0,0,0,0,0,0,0,0,0,0,0,0,0,0,0,0,0.2,0,0,0,0.2,0,0,0,0,0.2,0,0,0,0,0,0,0,0,0,0,0,0,0,0.1
"OC19_001",1,0,0,0,0,0.2,0,0,0,0,0,0,0,0,0,0,0.8,0,0,0,0,0,0,0,0,0,0,0,0,0,1,0,0,0.6,0,0,0,0,0,0,0,0,0,0,0,0,0,0,0.4,0.2,0,0,0,0,0,0,0,0,0,0,0.4,0,0.2,0.2,0,0,0,0,0,0,0,0,0,0,0,0,0.6,0,0,0,0,0,0,0,0,0,0,0.2,0,0,0.4,0,0,0,0,0,0,0,0,0,0,0,0,0.4,0.2,0,0,0,0.2,0,0,0,0,0,0.2,0,0,0.4,0,0,0,0,0,0,0,0,0,0,0,0,0.325,0,0,0,0,0,0,0,0,0,0,0.2,0,0,0.2,0,0,0,0,0.1,0,0,0,0,0,0,0,0.8,0,0,0,0,0,0,0,0,0,0,0.5,0,0,0.3,0,0.1,0,0,0.1,0,0,0,0,0,0,0,0.2,0,0,0,0,0,0,0,0,0,0,0,0,0,0.333333333333333,0.333333333333333,0,0,0,0,0,0,0,0,0,0.8,0,0,0,0,0.2,0,0,0,0,0.2,0,0,0,0,0,0.225,0,0,0.2,0,0,0,0,0.2,0,0,0,0,0,0,0,0.2,0,0,0,0,0,0,0,0,0,0,0.4,0,0,0.25,0,0,0,0,0,0,0,0,0,0,0,0,0.2,0,0,0,0,0.2,0,0.2,0,0,0,0.2,0,0,0.2,0,0,0,0,0,0,0,0,0,0,0,0,0.2,0,0,0,0,0.1,0,0,0,0,0,0.4,0,0,0.2,0,0,0,0,0,0,0,0,0.1,0.1,0,0,0,0,0,0,0,0,0,0,0.2,0.2,0,0.4,0,0,0.1,0,0,0,0,0,0,0,0,0,0,0,0,0.2,0,0,0,0,0.2,0,0,0,0,0,0.1,0,0,0.2,0,0,0,0,0.3,0,0,0,0,0
"OC19_002",0.8,0,0.2,0,0,0,0,0,0,0,0,0,0,0,0,0,0.5,0,0,0,0,0,0,0,0.25,0,0,0,0,0,0.675,0,0.2,0.4,0.2,0,0,0,0,0,0,0.4,0,0,0,0,0,0,0.4,0,0.2,0,0,0,0.2,0,0,0,0,0,0,0,0.2,0,0.2,0,0,0,0.2,0,0,0,0,0,0,0,0.4,0.2,0,0,0,0.2,0,0,0,0,0,0,0,0,0.2,0.2,0,0,0,0.2,0,0,0,0,0,0,0,0,0.2,0,0,0,0.2,0,0,0,0,0,0,0,0,0,0.2,0,0,0,0.225,0,0,0,0,0,0,0,0.2,0.2,0,0,0,0.25,0,0,0,0,0,0,0,0,0,0.2,0,0,0,0.2,0,0,0,0,0,0,0,0.2,0.2,0.2,0,0,0.2,0,0,0,0,0,0,0,0,0,0.25,0.2,0,0,0.4,0,0,0,0,0,0,0,0,0.3,0.1,0,0,0.3,0,0,0,0,0,0,0,0,0,0,0,0,0,0,0,0,0,0,0,0.6,0,0.4,0,0,0,0.2,0,0,0,0.4,0,0,0,0,0,0.2,0,0,0,0,0,0,0,0.4,0,0,0,0,0,0,0,0,0.2,0,0,0,0.2,0.2,0,0,0,0,0.2,0,0,0,0.2,0,0,0,0.2,0,0,0,0,0,0,0,0,0.2,0,0,0,0.5,0,0,0,0,0,0,0,0,0,0.2,0,0,0,0.4,0,0,0,0,0,0,0.25,0,0.5,0,0,0,0.25,0,0,0,0,0,0,0.1,0.2,0.2,0.1,0,0,0,0.3,0,0,0.1,0,0.1,0,0,0,0.2,0,0,0,0,0.4,0,0,0,0,0,0,0,0,0.2,0,0,0,0.25,0,0,0,0,0,0,0,0,0.2,0,0,0,0.2,0,0,0,0,0,0.1,0,0,0,0.2,0,0,0,0.225,0,0,0,0,0
"OC19_003",0.8,0,0.2,0.2,0,0.6,0.2,0,0,0,0,0,0,0,0,0,0.4,0,0,0,0,0,0,0,0.25,0,0,0,0,0,0.5,0.3,0.2,0.325,0,0,0,0,0,0,0,0.325,0,0,0,0,0,0,0.2,0,0.2,0,0,0,0.4,0,0,0,0,0,0,0,0,0,0.2,0,0,0,0.325,0,0,0,0,0,0,0,0.333333333333333,0.2,0,0,0,0.2,0,0,0,0,0,0.2,0,0,0.2,0.2,0,0,0,0.2,0,0,0,0,0,0,0,0,0.25,0,0,0,0.333333333333333,0,0,0,0,0,0,0,0,0,0.2,0,0,0,0.25,0,0,0,0,0,0,0,0.1,0.2,0,0,0,0.2,0,0,0,0,0,0,0,0,0,0.2,0,0,0,0.4,0,0,0,0,0,0,0,0.366666666666667,0,0.266666666666667,0,0,0.291666666666667,0,0,0,0,0,0.4,0,0,0.2,0,0,0,0,0.2,0,0,0,0,0,0,0,0,0.3,0,0,0,0.2,0,0,0,0,0.1,0.4,0,0.2,0,0.2,0,0,0,0.2,0,0,0,0,0,0.6,0,0.4,0,0,0,0.2,0,0,0,0.4,0,0,0,0,0,0,0,0,0,0,0,0,0,0.4,0,0,0,0,0,0,0,0,0.25,0,0,0,0.4,0,0,0,0,0,0,0,0,0,0.2,0,0,0,0.4,0,0,0,0,0,0,0,0,0.2,0,0,0,0.4,0,0,0,0,0,0,0,0,0,0.2,0,0,0,0.4,0,0,0,0,0,0,0,0,0,0,0,0,0,0,0,0,0,0,0,0,0,0,0.1,0,0,0,0.6,0.1,0,0,0.1,0.1,0,0.2,0,0,0.2,0,0.2,0.4,0,0,0,0,0,0,0,0,0,0.2,0,0,0,0.325,0,0,0,0,0,0,0,0,0.366666666666667,0,0,0,0.25,0,0,0,0,0,0,0,0,0,0.2,0,0,0,0.225,0,0,0,0,0
"OC20_001",1,0,0,0,0,0.9,0,0,0,0,0,0,0,0,0,0,0.8,0,0,0,0,0,0,0,0,0,0,0,0,0,0.9,0,0,0.75,0,0,0,0,0,0,0,0,0,0,0,0,0,0,0.4,0.25,0,0,0,0,0,0,0,0,0,0,0.2,0,0.2,0.2,0,0,0,0,0,0,0,0,0,0,0,0.2,0.5,0,0,0,0,0,0,0,0,0,0,0.4,0,0,0.4,0,0,0,0,0,0,0,0,0,0,0,0,0.4,0,0,0,0,0,0,0,0,0,0,0,0,0,0.6,0,0,0,0,0.2,0,0,0,0,0,0,0,0.2,0,0,0,0,0,0,0,0,0,0,0.25,0,0,0.2,0,0,0,0,0,0,0,0,0,0,0,0,0.333333333333333,0,0,0,0,0,0,0,0,0,0,0.2,0,0,0.225,0,0.1,0,0,0.2,0,0,0,0,0,0,0,0.2,0,0,0,0.2,0.2,0,0,0,0,0,0.2,0,0,0,0,0,0,0.2,0,0,0,0,0,0,0.8,0,0.2,0,0,0.2,0,0,0,0,0.25,0,0,0,0,0,0.2,0,0,0,0,0,0,0,0.4,0,0,0,0,0,0,0,0.2,0,0,0,0,0,0,0,0,0,0,0.2,0,0,0.4,0,0,0,0,0,0,0,0,0,0,0,0,0.1,0,0.2,0,0,0,0,0.2,0,0,0,0.1,0,0,0.6,0,0.1,0,0,0.1,0.1,0,0,0,0,0,0,0,0,0,0,0,0,0,0,0,0,0,0.2,0,0,0.8,0,0,0,0,0,0,0,0,0,0,0,0,0,0,0.5,0,0,0,0,0.5,0,0,0,0,0,0,0,0,0,0,0,0,0,0,0,0,0,0,0.2,0.2,0,0,0,0,0,0,0,0,0,0,0.25,0,0,0.75,0,0,0,0,0,0,0,0,0,0
"OC20_002",1,0,0,0.1,0.5,0.2,0,0,0,0,0,0,0,0,0,0,0.8,0,0,0,0,0,0,0,0,0,0,0,0,0,1,0,0,0.5,0,0,0,0,0,0,0,0.166666666666667,0,0,0,0,0,0,0.4,0.2,0,0,0,0,0,0,0,0,0,0,0,0,0.2,0.2,0,0,0,0,0,0,0,0,0,0,0,0.2,0.4,0,0,0,0,0,0,0,0,0,0,0,0,0,0.4,0,0,0,0,0,0,0,0,0,0,0,0,0.2,0,0.2,0,0,0,0,0,0,0,0,0,0,0.2,0.25,0,0.2,0,0,0.2,0,0,0,0,0,0,0,0,0,0.25,0,0,0.2,0,0,0,0,0,0,0,0,0.2,0,0.2,0,0,0.2,0,0,0,0,0,0,0,0,0,0.2,0,0,0,0,0,0,0,0,0,0,0,0.4,0,0,0,0,0.2,0,0,0,0,0,0,0,0,0,0.2,0,0.2,0.4,0,0,0,0,0,0,0,0.1,0.1,0,0.1,0,0.1,0.2,0,0,0,0,0,0.8,0,0.2,0,0,0,0,0.2,0,0,0.2,0,0,0,0,0,0.2,0,0,0,0,0,0,0,0.25,0,0,0,0,0,0,0.2,0.2,0,0.1,0,0,0,0,0,0,0,0,0.2,0,0,0.3,0,0.1,0.1,0,0.1,0,0,0,0,0,0,0.25,0.2,0,0,0,0,0,0,0,0,0,0,0,0,0.375,0.25,0.125,0,0,0,0.25,0,0,0,0,0,0,0.4,0.2,0,0.2,0,0,0,0,0,0,0,0,0,0,0,0,0,0.4,0,0.4,0,0,0,0,0,0.2,0,0,0.2,0,0.2,0,0.2,0.2,0,0,0,0,0,0,0,0,0,0,0,0,0,0,0,0,0,0,0,0,0.2,0.2,0,0,0,0,0,0,0,0,0,0,0,0.1,0.1,0.1,0,0,0,0.2,0.2,0.1,0,0.1,0,0
"OC20_003",0.8,0,0.2,0,0,0,0,0,0,0,0,0,0,0,0,0,0.4,0,0,0,0,0,0,0,0.2,0,0,0,0,0,0.6,0.2,0.2,0.4,0.2,0,0,0,0,0,0,0.2,0,0,0,0,0,0,0.4,0,0,0,0,0,0,0,0,0,0,0,0,0,0.2,0,0,0.2,0,0,0.2,0,0,0,0,0,0,0,0.25,0,0.2,0,0,0.2,0,0,0,0,0,0,0,0,0.2,0,0.25,0,0,0.25,0,0,0,0,0,0,0,0,0,0.2,0,0,0.25,0,0,0,0,0,0,0,0,0,0,0.2,0,0.1,0.225,0,0,0,0,0,0,0,0,0,0.2,0,0,0.25,0,0,0,0,0,0,0,0,0,0,0.2,0,0,0.2,0,0,0,0,0,0,0,0,0,0.225,0,0,0.166666666666667,0,0,0,0,0,0,0,0,0,0,0.2,0,0,0.4,0,0,0,0,0,0,0,0,0,0,0,0.4,0.25,0,0,0,0,0,0,0,0,0,0,0.2,0,0.2,0.4,0,0,0,0,0,0.6,0,0.4,0,0,0,0,0,0,0,0.4,0,0,0,0,0,0,0,0,0,0,0,0,0,0.4,0,0,0,0,0,0,0,0,0,0.2,0,0,0.2,0,0,0,0,0,0,0,0.1,0,0,0.2,0,0,0.225,0,0,0,0,0,0,0,0,0,0.25,0,0,0.2,0,0,0,0,0,0,0,0,0,0,0.2,0,0,0.2,0,0,0,0,0,0,0.2,0.333333333333333,0,0.2,0,0,0.2,0,0,0,0,0,0,0,0,0,0,0,0,0,0.4,0,0,0,0,0,0,0,0,0,0,0,0,0,0,0,0,0,0,0.2,0,0,0,0,0.2,0,0,0.2,0,0,0,0,0,0,0,0,0,0,0,0.1,0.266666666666667,0,0,0,0,0,0.2,0,0,0,0,0.2,0,0,0.4,0,0,0,0,0
"OC21_001",0.8,0,0.2,0,0,0,0,0.291666666666667,0,0,0,0,0,0,0,0,0.6,0,0,0,0,0,0,0,0,0,0,0,0,0,0.6,0.2,0.2,0.6,0,0,0,0,0,0,0,0.2,0,0,0,0,0,0,0.2,0,0,0,0,0,0,0,0,0,0,0,0,0,0.1,0,0,0,0,0,0.2,0,0,0,0,0,0,0,0.2,0.2,0.2,0,0,0,0,0,0,0,0,0,0,0,0,0,0,0,0,0,0,0,0,0,0,0,0,0,0.2,0.2,0,0,0,0,0,0,0,0,0,0,0,0,0.2,0.2,0,0,0.2,0,0,0,0,0,0,0,0,0.2,0.25,0,0,0,0,0,0,0,0,0,0,0,0,0,0.2,0,0,0.2,0,0,0,0,0,0,0,0,0,0.2,0,0,0,0,0,0,0,0,0,0,0,0,0,0.2,0,0,0.2,0.2,0,0,0,0,0,0,0,0,0.2,0,0.2,0,0,0,0,0,0,0.333333333333333,0,0,0,0,0,0,0,0,0,0,0,0,0,0.6,0,0.4,0,0,0,0.2,0.2,0,0,0.2,0,0,0,0,0,0,0,0,0,0,0.2,0,0,0.4,0,0,0,0,0,0,0,0,0.2,0.2,0,0,0,0,0,0,0,0,0,0,0,0,0,0.2,0,0,0,0,0,0,0,0,0,0,0,0.1,0.2,0,0,0,0,0,0,0,0,0,0,0,0,0,0.2,0,0,0,0,0,0,0,0,0,0,0,0,0.2,0,0,0,0,0,0.2,0,0,0,0,0,0,0.1,0.2,0,0,0.2,0,0,0,0,0,0,0,0,0,0.2,0,0,0,0,0,0,0,0,0,0,0,0,0,0,0,0,0,0,0,0,0,0,0,0,0,0.2,0.2,0,0,0,0,0,0,0,0,0,0,0,0,0,0.25,0,0,0.2,0,0,0,0,0
"OC21_002",0.8,0,0.2,0,0,0,0,0,0,0,0,0,0,0,0,0,0.666666666666667,0,0,0,0,0,0,0,0,0,0,0,0,0,0.6,0.2,0.225,0.5,0,0,0,0,0,0,0,0.2,0,0,0,0,0,0,0.5,0,0,0,0,0,0,0,0,0,0,0,0,0,0.4,0,0,0,0,0,0,0,0,0,0,0,0,0,0.5,0,0,0,0,0,0,0,0,0,0,0,0,0,0,0,0,0,0,0,0,0,0,0,0,0,0,0,0.25,0,0,0,0,0,0,0,0,0,0,0,0,0,0,0,0,0,0,0,0,0,0,0,0,0,0,0.25,0.291666666666667,0,0,0,0,0,0,0,0,0.125,0,0,0,0,0,0,0,0,0,0,0,0,0,0,0,0.166666666666667,0.5,0,0,0,0.166666666666667,0,0,0,0,0,0.75,0,0,0,0,0,0,0,0.25,0,0,0,0,0,0,0,1,0,0,0,0,0,0,0,0,0,0,0,0,0,0,0,0,0,0,0,0,0,0,0,0,0.6,0,0.333333333333333,0,0,0.125,0.291666666666667,0,0,0,0,0,0,0,0,0,0.5,0,0,0,0,0,0,0,0.333333333333333,0,0,0,0,0,0,0,0,0.333333333333333,0,0,0,0,0,0,0,0,0,0.1,0,0,0,0,0,0,0,0,0,0,0,0,0,0,0.266666666666667,0.1,0.2,0,0,0,0,0,0,0,0,0,0.25,0,0,0,0,0,0,0,0,0,0,0,0,0,0,0,0.625,0.25,0,0,0,0,0,0,0,0.125,0,0.333333333333333,0,0,0,0,0,0,0,0,0,0,0,0,0,0,0,0,0.666666666666667,0,0,0,0,0,0,0.333333333333333,0,0,0.333333333333333,0,0,0.25,0.333333333333333,0,0,0,0,0,0,0,0,0,0,0,0,0.5,0,0,0,0,0,0,0,0,0,0,0,0,0,0.333333333333333,0,0,0,0,0.333333333333333,0,0,0,0
"OC21_003",1,0,0,0.2,0,0.2,0,0,0,0,0,0,0,0,0,0,0.8,0,0,0,0,0,0,0,0,0,0,0,0,0,0.7,0,0.2,0.6,0,0,0,0,0,0,0,0,0,0,0,0,0,0,0.25,0.2,0,0,0,0,0,0,0,0,0,0,0.2,0,0.2,0,0,0,0,0,0,0,0,0,0,0,0,0,0.4,0,0,0,0,0,0,0,0,0,0,0.2,0,0,0.2,0,0,0,0,0,0,0,0,0,0,0,0,0.2,0.2,0,0,0,0,0,0,0,0,0,0,0,0,0,0,0,0,0,0,0,0,0,0,0,0,0,0.25,0.2,0,0,0,0,0,0,0,0,0,0.2,0,0,0.2,0,0,0,0,0,0,0,0,0,0,0.125,0,0.2,0.425,0,0,0,0,0,0.125,0,0,0.125,0.2,0,0.2,0.2,0,0,0,0,0,0,0,0,0,0,0,0,0.5,0.25,0.2,0,0.2,0,0,0,0,0,0,0,0,0,0,0,0,0,0,0,0,0,0,0,0,0.75,0,0.25,0,0,0.2,0.2,0,0,0,0.2,0,0,0,0,0,0.6,0,0,0,0,0,0,0,0.2,0,0,0,0,0,0,0,0.1,0.2,0,0,0,0,0,0,0,0,0,0.2,0,0.2,0,0,0,0,0,0.2,0,0,0,0,0,0,0,0.2,0,0,0,0,0,0,0,0,0,0,0.6,0,0,0,0,0,0,0,0,0,0,0,0,0,0,0.6,0.2,0,0,0,0,0,0,0,0,0,0,0,0,0,0,0,0,0,0,0,0,0,0,0,0,0,0,0,0,0,0,0,0,0,0,0,0,0,0,0,0,0,0,0,0,0,0,0,0,0,0,0,0,0,0,0.2,0,0,0,0,0,0,0,0,0,0.4,0,0,0,0,0,0,0,0,0,0,0,0,0
"OC22_001",1,0,0,0.1,0,0.1,0.2,0.1,0,0,0,0,0,0,0,0,0.8,0,0,0,0,0,0,0,0,0,0,0,0,0,0,0,0,0,0,0,0,0,0,0,0,0,0,0,0,0,0,0,0.6,0,0,0,0,0,0,0,0,0,0,0,0.2,0,0.4,0,0,0,0,0,0,0,0,0,0,0,0,0.2,0.4,0,0,0,0,0,0,0,0,0,0,0,0,0,0.45,0,0,0,0,0,0,0,0,0,0,0,0,0,0,0.2,0,0,0,0,0,0,0,0,0,0,0,0.366666666666667,0.2,0,0,0,0,0.1,0,0,0,0,0,0,0,0,0.4,0,0,0.2,0,0,0,0,0,0,0,0,0.2,0,0.2,0,0,0.2,0,0,0,0,0,0,0,0,0,0.4,0,0,0.2,0,0,0,0,0,0,0,0,0,0,0,0,0,0,0,0,0,0,0,0,0,0,0,0,0,0.4,0.2,0,0,0,0,0,0,0,0,0,0,0,0,0,0,0,0,0,0,0,1,0,0,0,0,0,0,0.2,0,0,0.2,0,0,0,0,0,0.25,0,0,0.333333333333333,0,0.2,0,0,0,0.2,0,0,0,0,0,0.2,0,0,0,0,0,0,0.2,0,0,0,0,0.2,0,0.2,0.2,0,0,0,0,0,0,0,0,0,0,0,0.25,0,0,0,0,0,0,0,0,0,0,0,0,0,0,0,0,0,0,0,0,0,0,0,0,0,0,0.2,0,0,0,0,0,0,0,0,0,0,0,0.2,0,0.4,0,0,0,0,0,0,0.2,0,0,0,0,0,0,0,0,0.225,0,0,0,0,0,0,0,0,0,0,0,0,0,0,0,0,0,0,0,0,0,0,0,0.2,0,0,0.2,0,0,0,0,0,0,0,0,0.1,0,0,0.3,0.1,0.1,0,0,0,0.3,0,0,0,0
"OC22_002",1,0,0,0,0.2,0,0,0.2,0,0.6,0,0,0,0,0,0,0.8,0,0,0,0,0,0,0,0,0,0,0,0,0,1,0,0,0.75,0.2,0,0,0,0,0,0,0,0,0,0,0,0,0,0.4,0,0,0,0,0,0,0,0,0,0,0,0.2,0,0.2,0,0,0,0,0,0,0,0,0,0,0,0,0.2,0.5,0,0,0,0,0,0,0,0,0,0,0,0,0,0.2,0,0,0,0,0,0,0,0,0,0,0,0,0,0,0.2,0,0,0.2,0,0,0,0,0,0,0,0,0,0,0.2,0,0,0,0,0,0,0,0,0,0,0,0,0.2,0,0,0.2,0,0,0,0,0,0,0,0,0,0,0,0,0,0,0.2,0,0,0,0,0,0,0,0,0.2,0,0,0.2,0,0,0,0,0,0.5,0,0,0,0,0,0,0,0,0.2,0,0,0,0,0,0,0,0,0,0,0.4,0.2,0,0,0,0,0,0,0,0.2,0,0,0,0,0,0,0,0,0,0,0,1,0,0,0,0,0,0,0,0,0.2,0.4,0,0,0,0,0,0,0,0,0,0,0,0,0,0,0,0,0,0,0,0,0,0,0,0,0,0,0,0.25,0,0,0,0,0,0,0,0,0,0,0,0,0,0.2,0,0,0,0,0,0,0,0,0.2,0,0,0,0.25,0,0,0,0,0,0,0,0,0,0,0,0,0,0.2,0,0,0,0,0,0.1,0,0,0.2,0,0,0.2,0.1,0,0,0,0,0.125,0,0.125,0,0,0,0,0,0,0.291666666666667,0,0,0,0,0,0.2,0,0,0,0,0,0.2,0,0,0,0,0,0.5,0,0,0,0,0,0,0,0,0,0,0,0,0,0,0,0,0,0,0,0,0.2,0.2,0,0,0,0,0.25,0,0,0,0,0,0,0,0,0.1,0,0,0,0
"OC22_003",1,0,0,0,0.4,0,0,0,0,0,0.2,0,0,0,0,0,0.8,0,0,0,0,0,0,0,0,0,0,0,0,0,0.8,0,0,0.6,0.25,0,0,0,0,0,0,0,0,0,0,0,0,0,0.6,0,0,0,0,0,0,0,0,0,0,0,0.2,0,0.4,0,0,0,0,0,0,0,0,0,0,0,0,0.2,0.6,0,0,0,0,0,0,0,0,0,0,0.2,0,0,0.25,0,0,0,0,0,0,0,0,0,0,0,0.325,0,0,0,0,0,0,0,0,0,0,0,0,0,0,0.1,0,0,0,0,0,0,0,0,0,0,0,0.2,0,0,0.2,0,0,0.2,0,0,0,0,0,0,0,0,0,0,0,0,0,0,0,0,0,0,0,0,0.2,0,0,0.2,0,0,0.2,0,0,0,0,0,0,0,0.266666666666667,0,0,0,0,0,0,0.1,0,0,0,0,0,0.2,0,0,0,0,0,0,0,0,0,0,0,0.1,0,0,0.1,0,0,0,0.2,0,0,0,0,0,0,1,0,0,0,0.25,0,0,0,0,0,0.2,0,0,0,0,0,0.2,0,0,0,0,0,0,0,0.2,0,0,0,0,0,0,0.4,0,0,0,0,0,0,0,0,0,0,0,0.2,0,0.2,0,0,0,0,0,0,0.2,0,0,0,0,0,0.4,0,0,0,0,0,0,0,0,0,0,0,0.1,0,0.2,0,0,0,0,0,0,0,0,0,0,0,0,0,0,0,0,0,0,0,0,0,0,0,0.2,0.2,0,0.6,0,0,0,0,0,0,0,0,0,0,0,0,0.1,0,0,0,0,0,0,0.3,0,0,0,0,0.2,0,0.2,0,0,0,0,0,0,0,0,0,0.1,0.1,0,0.4,0,0,0,0,0,0,0,0,0,0,0,0.2,0,0,0,0,0,0,0,0,0,0,0,0,0
"OC24_001",0.75,0.2,0,0,0.2,0,0,0,0,0,0,0,0,0.4,0,0,0.4,0.2,0,0,0,0,0,0,0,0,0,0,0,0,0.4,0.4,0,0.4,0.366666666666667,0,0,0,0,0,0,0,0,0,0,0,0,0,0.6,0,0,0,0,0,0,0,0,0.2,0,0,0,0,0.5,0,0,0,0,0,0,0,0,0,0,0,0,0.2,0,0,0,0,0,0,0,0,0.2,0,0,0.225,0,0.1,0,0,0,0,0,0,0,0,0.1,0,0,0,0.2,0,0,0,0,0,0,0,0,0.2,0,0,0.2,0,0.2,0,0,0,0,0,0,0,0,0.2,0,0,0,0.2,0,0,0,0,0,0,0,0,0.2,0,0.1,0.125,0,0.1,0,0,0,0,0,0,0,0,0.475,0,0.1,0,0.3,0,0.2,0.1,0,0,0,0.1,0,0.1,0,0,0.4,0,0,0,0,0,0,0,0.2,0,0,0.4,0,0,0,0.2,0,0,0,0,0,0,0,0,0.2,0,0.2,0,0,0,0,0,0,0,0,0,0,0,0,0,0,0.7,0.3,0,0,0.2,0,0,0,0,0,0.2,0,0,0.2,0,0.2,0.2,0,0.2,0,0,0,0,0,0,0,0,0,0,0,0,0.2,0,0,0,0,0,0,0,0,0.2,0,0.2,0,0,0.2,0,0,0,0,0,0,0,0,0.2,0,0.2,0,0.2,0,0,0,0,0,0,0,0,0.2,0,0.2,0,0,0.25,0,0,0,0,0,0,0,0,0.2,0,0.2,0,0.2,0,0,0,0,0,0,0,0,0.4,0,0,0.2,0,0.2,0,0,0,0,0,0,0,0,0.4,0,0,0,0,0,0,0,0,0,0,0,0,0.366666666666667,0,0,0.2,0,0.2,0,0,0,0,0,0.2,0,0.2,0.2,0,0,0,0.2,0,0,0,0,0,0,0,0,0.2,0,0.2,0,0,0.4,0,0,0,0,0,0,0,0,0.2,0,0
"OC24_002",0.8,0,0,0,0.2,0,0,0,0,0,0,0,0,0.2,0,0,0.6,0,0,0,0,0,0,0,0,0,0,0,0,0,0.8,0.1,0,0.6,0.2,0,0,0,0,0,0,0,0,0,0,0,0,0,0.4,0,0,0,0,0,0,0,0,0.2,0,0,0,0,0.4,0,0,0,0,0,0,0,0,0,0,0,0,0,0.2,0.2,0,0,0,0,0,0,0,0,0,0,0,0.1,0,0.4,0,0,0,0,0,0,0,0,0,0,0.2,0,0.2,0,0,0,0,0,0,0.2,0,0,0.2,0,0.2,0,0.1,0,0,0,0,0,0,0,0,0,0,0,0,0.2,0,0,0,0,0,0,0.2,0,0,0,0,0.2,0,0.2,0,0,0,0,0,0,0,0,0,0,0.2,0,0,0,0,0,0,0,0,0.2,0,0,0.2,0,0.4,0,0.2,0.2,0,0,0,0,0,0,0,0,0,0.2,0,0,0,0,0,0,0,0,0.2,0,0,0.2,0,0,0,0,0,0,0,0,0,0,0,0,0,0.75,0,0.2,0,0.2,0,0,0,0,0,0.2,0,0,0.2,0,0,0.2,0,0.2,0,0,0,0,0,0.2,0,0,0,0,0,0,0.2,0,0,0,0,0,0,0,0,0.2,0,0,0.2,0,0.2,0,0,0,0,0,0,0,0,0.2,0,0,0,0.2,0,0,0,0,0,0,0,0,0.2,0,0,0.1,0,0.1,0,0.1,0,0,0,0.1,0,0,0.1,0,0,0,0.2,0,0,0,0,0,0,0,0,0.4,0,0,0,0,0.2,0,0,0,0,0,0,0,0,0.4,0,0,0,0.2,0,0.1,0,0,0,0,0,0,0.2,0,0,0,0,0,0,0,0,0,0,0,0,0,0,0,0,0,0.2,0,0,0,0,0,0,0,0,0.2,0,0,0,0,0.4,0,0,0,0,0,0,0,0,0.2,0,0
"OC24_003",0.6,0.25,0,0,0,0,0,0,0,0,0,0,0,0.6,0,0.1,0.25,0.25,0,0,0,0,0,0,0,0,0,0,0,0,0.4,0.4,0,0.25,0.333333333333333,0,0,0,0,0,0,0,0,0,0,0,0,0,0.4,0,0,0,0,0,0,0,0,0.4,0,0,0,0,0.4,0,0,0,0,0,0,0,0,0,0,0,0,0,0,0.2,0,0,0,0,0,0,0.291666666666667,0,0,0,0,0.25,0,0,0.25,0,0,0.25,0,0,0.25,0,0,0,0,0,0,0,0,0,0,0,0,0.4,0,0,0,0,0.1,0,0,0,0,0,0,0,0,0,0,0,0,0,0,0,0,0,0,0,0,0,0.2,0,0,0,0,0,0,0,0,0,0,0,0,0,0,0,0,0,0.2,0,0,0,0,0,0,0,0,0.2,0,0,0,0,0.1,0,0.1,0.1,0,0,0.1,0.225,0,0.125,0,0.1,0,0,0,0,0,0,0.4,0,0,0,0.2,0,0,0,0,0,0,0.1,0,0,0.1,0,0,0,0.25,0,0,0.4,0.291666666666667,0.2,0,0,0,0,0,0,0,0.2,0,0,0.2,0,0,0,0,0,0,0,0,0,0,0.25,0,0,0,0,0,0,0,0,0,0,0,0,0,0,0,0.333333333333333,0,0,0,0,0,0,0,0,0,0,0,0,0,0,0,0,0,0.2,0,0,0,0,0,0,0,0,0.5,0,0,0,0,0.225,0,0,0.2,0,0,0,0.1,0,0,0,0,0,0,0,0,0,0,0,0,0,0,0.5,0,0,0,0,0.2,0,0,0,0,0,0,0,0,0.25,0,0,0,0,0,0.1,0,0,0,0,0,0,0.4,0,0,0,0,0.1,0,0.1,0.1,0,0,0.2,0,0,0.1,0.1,0,0,0,0,0,0,0,0,0,0,0,0.4,0,0,0,0,0,0,0,0,0,0,0,0,0,0,0,0.2
"OC25_001",1,0,0,0,0.5,0,0.2,0,0,0,0.1,0,0,0,0,0,0.8,0,0,0,0,0,0,0,0,0,0,0,0,0,0.8,0.2,0,0.8,0.1,0,0,0,0,0,0,0,0,0,0,0,0,0,0.6,0,0,0,0,0,0,0,0,0,0,0,0,0,0.4,0,0,0,0,0,0,0,0,0,0,0,0,0.2,0.25,0,0,0,0,0,0,0,0,0,0,0,0,0.2,0.2,0,0,0,0,0,0,0,0,0,0,0,0.2,0,0.2,0,0,0,0,0,0,0,0,0,0,0,0.1,0.2,0.1,0,0,0,0,0,0,0,0,0,0,0.2,0,0.2,0.2,0,0,0.2,0,0,0,0,0,0,0,0.4,0,0,0,0,0,0,0,0,0,0,0,0,0.2,0,0,0.2,0,0,0.1,0,0,0,0,0,0,0,0,0,0,0,0,0,0,0,0,0,0,0,0,0.2,0,0.2,0,0,0,0,0,0,0,0,0,0,0,0,0,0,0,0,0,0,0,0,0,0,0,1,0,0,0,0.2,0,0,0,0,0,0.2,0,0,0,0,0,0,0,0.2,0,0,0,0,0,0.2,0,0,0,0,0,0,0.2,0,0.2,0,0,0,0,0,0,0,0,0,0.25,0,0.2,0.2,0,0,0,0,0,0,0,0,0,0,0,0.2,0,0,0,0,0,0,0,0,0,0,0,0.1,0,0.1,0.2,0.3,0,0,0,0.1,0,0,0,0,0,0,0.2,0,0.1,0,0,0,0,0,0,0,0,0,0,0,0.225,0.1,0,0,0,0,0,0.1,0,0.325,0,0,0,0.2,0,0.2,0,0,0,0.2,0,0,0,0,0,0,0,0.2,0.2,0,0,0,0,0,0,0,0,0,0,0,0.325,0,0,0,0,0,0,0,0,0,0,0,0,0,0.6,0,0,0.2,0,0,0,0,0,0,0,0
"OC25_002",1,0,0,0,0.4,0,0,0,0,0.2,0,0.2,0,0,0,0,0.8,0,0,0,0,0,0,0,0,0,0,0,0,0,1,0,0,1,0,0,0,0,0,0,0,0,0,0,0,0,0,0,0.6,0,0,0,0,0,0,0,0,0,0,0,0,0,0.6,0,0,0,0,0,0,0,0,0,0,0,0,0,0.6,0,0,0,0,0,0,0,0,0,0,0,0,0.2,0.2,0.2,0,0,0,0.2,0,0,0,0,0,0,0,0.2,0.2,0,0,0,0,0,0,0,0,0,0.25,0,0.25,0,0,0,0,0,0.25,0,0,0,0,0,0,0,0.2,0.2,0,0,0,0.2,0,0,0,0,0,0,0,0,0,0,0,0,0,0,0,0,0,0,0,0,0,0.75,0,0,0,0,0,0,0,0,0,0.125,0,0,0,0,0,0,0,0,0,0,0,0,0,0,0,0,0,0.1,0,0,0,0.2,0,0,0,0,0,0.2,0,0.25,0,0,0,0,0,0,0,0,0,0,0,0.8,0,0.2,0,0,0,0,0,0,0,0.4,0,0,0,0,0,0.2,0,0,0,0,0,0,0,0,0,0,0,0,0,0,0.2,0.2,0,0,0,0,0,0,0,0,0,0,0,0,0.4,0,0,0,0,0,0,0,0,0,0,0,0,0.333333333333333,0,0,0,0,0,0,0,0,0,0,0,0,0,0,0,0,0,0,0,0,0,0,0,0,0,0,0.25,0,0,0,0,0,0,0,0,0,0,0,0,0,0.8,0,0,0,0,0,0,0,0,0.2,0,0,0,0.1,0.1,0.1,0,0,0,0.4,0,0,0,0,0,0.3,0,0.4,0,0,0,0,0.1,0.1,0.1,0,0,0,0,0,0.25,0.1,0.1,0,0,0,0,0,0,0,0,0,0,0,0.5,0,0,0,0,0,0,0,0,0,0,0
"OC25_003",1,0,0,0,0,1,0,0,0,0,0,0,0,0,0,0,0.8,0,0,0,0,0,0,0,0,0,0,0,0,0,1,0,0,0.75,0.2,0,0,0,0,0,0,0,0,0,0,0,0,0,0.4,0,0,0,0,0,0,0,0,0,0,0,0.2,0,0.2,0.2,0,0,0,0,0,0,0,0,0,0,0,0.2,0.4,0,0,0,0,0,0,0,0,0,0,0,0,0,0.4,0,0,0,0,0,0,0,0,0,0,0,0.2,0.2,0,0,0,0,0,0,0,0,0,0,0,0,0,0.5,0,0,0,0,0,0,0,0,0,0,0,0.2,0.2,0,0,0,0,0,0,0,0,0,0,0,0,0,0.4,0.2,0,0,0,0,0,0,0,0,0,0,0.1,0.3,0.2,0,0,0,0,0,0,0,0,0,0,0,0,0,0,0,0,0,0,0,0,0,0,0,0,0.2,0.1,0,0,0,0,0,0,0,0,0,0,0,0,0,0,0,0,0,0,0,0,0,0,0,0,0,0,0,0,0.2,0,0,0,0,0,0,0,0,0,0,0,0.2,0,0.1,0.2,0,0,0,0,0,0,0,0,0,0,0,0.2,0.2,0,0,0,0,0,0,0,0,0,0,0,0,0.2,0.25,0,0,0,0,0,0,0,0,0,0,0,0.2,0.2,0,0,0,0,0,0,0,0,0,0,0,0,0.25,0.2,0,0,0,0,0,0,0,0,0,0,0,0.2,0.2,0,0,0,0,0,0,0,0,0,0,0,0,0.2,0.2,0.2,0,0,0,0.2,0,0,0,0,0,0,0.2,0,0,0,0,0,0,0,0,0,0,0,0,0,0,0,0,0,0,0,0,0,0,0,0,0,0,0.25,0,0,0,0,0,0,0,0,0,0,0,0,0,0.2,0,0.125,0,0,0,0.1,0,0,0,0,0
"OC26_001",0.6,0.2,0,0.2,0,0,0.2,0.2,0,0,0,0,0,0,0,0,0.4,0.2,0,0,0,0,0,0,0,0,0,0,0,0,0.4,0.6,0,0.4,0.4,0,0,0,0,0,0,0,0,0,0,0,0,0,0.6,0,0,0,0,0,0,0,0,0,0,0,0,0,0.6,0,0,0,0,0,0,0,0,0,0,0,0,0.5,0,0.2,0,0,0,0,0,0,0,0,0,0.2,0,0.4,0,0,0,0,0,0,0,0.2,0,0,0,0,0,0,0.2,0.2,0,0,0.2,0,0,0,0,0,0,0,0,0,0.2,0,0,0,0,0,0,0,0,0,0,0,0,0.2,0.2,0,0,0.2,0,0,0,0,0,0.2,0,0,0,0.2,0.2,0,0,0.2,0,0,0,0,0,0,0.2,0,0,0,0,0,0,0,0,0,0,0,0,0,0,0,0,0,0,0,0,0,0,0,0,0,0,0,0,0.2,0.2,0,0.2,0,0,0,0,0,0,0,0,0,0,0,0,0,0,0,0,0,0,0,0,0.4,0.2,0.2,0,0,0,0.2,0,0,0,0.4,0,0,0,0,0,0,0,0,0,0,0,0,0,0.2,0,0,0,0,0,0,0.2,0,0.2,0.2,0,0,0,0,0,0,0,0,0.2,0,0,0,0.2,0,0,0,0.2,0,0,0,0,0,0,0.2,0,0.2,0,0,0,0,0,0,0,0,0,0.2,0,0.2,0,0.2,0,0,0,0,0,0.2,0,0,0,0,0.4,0,0.2,0,0,0,0,0,0,0,0,0,0,0,0.2,0,0.1,0,0,0,0.1,0,0,0,0,0.2,0,0.25,0,0.25,0.25,0,0,0,0,0,0,0,0,0,0,1,0,0,0,0,0,0,0,0,0,0,0,0,0.2,0,0.2,0,0,0,0,0,0,0,0,0,0,0,0,0,0,0,0,0,0,0,0,0,0,0.2
"OC26_002",0.75,0,0.2,0.2,0,0,0,0.2,0,0,0,0,0,0,0,0,0.4,0.2,0,0,0,0,0,0,0.2,0,0,0,0,0,0.4,0.6,0,0.2,0.4,0,0,0,0,0,0,0.2,0,0,0,0,0,0,0.6,0,0,0,0,0,0,0,0,0,0,0,0,0,0.4,0,0,0,0,0,0.2,0,0,0,0,0,0,0,0,0.2,0,0,0,0,0,0,0,0,0,0,0,0,0,0,0,0,0,0,0,0,0,0,0,0,0,0,0.25,0.2,0,0,0.2,0,0,0,0,0,0,0,0,0,0.2,0,0,0,0.2,0,0,0,0,0,0,0,0,0.2,0.2,0,0,0.2,0,0,0,0,0,0,0,0,0,0,0.2,0,0,0.2,0,0,0,0,0,0,0.2,0,0.1,0.3,0,0.2,0.1,0,0.1,0,0,0,0,0,0,0,0,0.2,0,0,0.4,0,0.2,0.2,0,0,0,0,0,0,0,0,0.4,0.2,0,0,0,0,0,0,0,0,0,0.2,0,0,0.4,0.2,0,0,0,0,0,0.8,0,0.2,0,0,0,0.2,0,0,0,0.4,0,0,0,0,0,0,0,0,0,0,0,0,0,0.4,0,0,0,0,0,0,0,0,0.2,0.2,0,0,0.2,0.2,0,0,0,0,0,0,0,0,0.2,0,0,0,0,0.2,0,0,0,0,0,0,0,0.2,0,0,0,0,0,0,0,0,0,0,0,0,0,0.1,0.2,0,0,0.2,0,0,0,0,0,0,0,0,0.25,0,0,0,0.2,0,0,0,0,0,0,0,0.2,0,0,0.3,0.1,0,0,0.2,0.1,0,0,0.1,0,0.1,0,0.4,0.2,0,0.1,0,0,0,0,0,0.2,0,0,0,0,0,0,0,0,0,0,0,0,0,0,0,0,0,0.2,0,0,0,0.2,0,0,0,0,0,0,0,0,0,0,0.2,0,0,0.2,0,0,0,0,0
"OC26_003",0.4,0.4,0,0.2,0,0,0,0.2,0,0,0,0,0,0,0,0,0.4,0.2,0,0,0,0,0,0,0,0,0,0,0,0,0.2,0.75,0,0.2,0.6,0,0,0,0,0,0,0,0,0,0,0,0,0,0.4,0,0,0,0,0,0,0,0,0,0,0,0,0,0.4,0,0,0,0,0,0,0,0,0,0,0,0,0.1,0,0.2,0.2,0,0,0,0,0,0,0,0,0,0,0.2,0,0,0.2,0,0,0,0,0,0,0,0.2,0,0,0,0.2,0.2,0,0,0.2,0,0,0,0,0,0,0,0,0,0.2,0.2,0,0,0.2,0,0,0,0,0,0,0,0,0.2,0.2,0,0,0.2,0,0,0,0,0,0,0,0,0,0,0.2,0,0,0,0,0,0,0,0,0,0,0.1,0.2,0.3,0,0,0.2,0,0.2,0,0,0.1,0,0.2,0,0,0.2,0,0,0,0.4,0,0,0,0,0,0,0,0,0,0,0,0.4,0.2,0,0,0,0,0,0,0,0,0,0,0,0,0.6,0,0,0,0,0,0,0.2,0.6,0.2,0,0,0,0,0,0,0,0.4,0,0,0,0,0,0,0,0,0,0,0,0,0,0.2,0,0,0,0,0,0,0,0,0.2,0.2,0,0,0.2,0,0,0,0,0,0,0,0,0,0,0.2,0,0,0.2,0.1,0,0,0,0,0,0,0,0.2,0.2,0,0,0.2,0,0.2,0,0,0,0.2,0,0,0,0,0.2,0,0,0.2,0,0,0,0,0,0,0.2,0,0,0.2,0,0,0,0,0,0,0,0,0,0,0.3,0,0,0.3,0,0,0,0.1,0,0,0,0.2,0,0.3,0,0.1,0.3,0,0,0.2,0,0.1,0,0,0,0,0,0,0,0,0,0,0,0,0,0,0,0,0,0,0,0,0.2,0.2,0,0,0.2,0,0,0,0,0,0,0,0,0,0,0.2,0,0,0.2,0,0,0,0,0.2
"OC27_001",1,0,0,0,0,0,0,0,0,0,0,0,0,0,0,0,0.6,0.2,0,0,0,0,0,0,0,0,0,0,0,0,0.6,0.4,0,0.4,0.4,0,0,0,0,0,0,0,0,0,0,0,0,0,0.8,0,0,0,0,0,0,0,0,0,0,0,0.2,0,0.4,0,0.2,0,0,0,0,0,0,0,0,0,0,0,0.2,0.25,0,0,0,0,0,0,0,0,0,0.2,0.2,0,0.2,0.2,0,0,0,0,0,0,0,0,0,0,0.2,0,0.4,0,0,0,0,0,0,0,0,0,0.2,0,0,0,0.25,0,0,0,0,0,0,0,0,0,0,0,0,0.4,0.2,0,0,0,0,0,0,0,0,0.2,0,0,0,0.2,0,0,0,0,0,0,0,0,0,0,0,0.75,0.25,0,0,0,0,0,0,0,0,0,0.4,0.2,0,0.2,0.2,0,0,0,0,0,0,0,0,0,0,0,0,0.25,0,0,0.4,0,0,0,0,0,0.2,0,0,0,0,0,0,0,0,0,0,0,0,0,0,1,0,0,0,0.2,0,0.5,0,0,0,0,0,0,0,0,0,0.2,0,0.2,0,0.2,0,0,0,0,0,0,0,0,0,0,0.5,0,0.4,0,0,0,0,0,0,0,0,0,0.3,0.325,0,0,0.2,0,0,0,0,0,0,0,0,0,0,0.2,0,0.4,0,0,0,0,0,0,0,0,0,0.2,0,0.2,0,0.2,0,0,0,0,0,0,0,0,0,0,0.4,0,0.6,0,0,0,0,0,0,0,0,0,0,0,0,0,0,0,0,0,0,0,0,0,0,0,0,0,0,0,0,0,0,0,0,0,0,0,0,0,0,0,0,0,0,0,0,0,0,0,0,0,0,0,0.2,0,0.4,0,0,0,0,0,0,0,0,0,0,0.1,0.2,0.1,0.225,0,0,0,0,0,0,0,0,0
"OC27_002",1,0,0,0.2,0.5,0,0.2,0.2,0,0,0,0,0,0,0,0,0.6,0.2,0,0,0,0,0,0,0,0,0,0,0,0,0.8,0.2,0,0.6,0.4,0,0,0,0,0,0,0,0,0,0,0,0,0,0.8,0,0,0,0,0,0,0,0,0,0,0,0,0,0.6,0,0,0,0,0,0,0,0,0,0,0,0,0.4,0.1,0.225,0.2,0,0,0,0,0,0,0,0,0.2,0,0.2,0.2,0.2,0,0,0,0,0,0,0,0,0,0,0.225,0,0.2,0,0,0,0,0,0,0,0,0.1,0.2,0,0,0,0.2,0,0,0,0,0,0,0,0,0,0,0.2,0,0.2,0.2,0,0,0,0,0,0,0,0,0,0,0.2,0,0.2,0.2,0,0,0,0,0,0,0,0,0,0,0,0,0,0,0,0,0,0,0,0,0,0.4,0,0.4,0,0.2,0,0,0,0,0,0,0,0,0,0,0,0,0,0,0,0,0,0,0,0,0,0,0.2,0,0.2,0,0,0,0,0.4,0,0,0,0,0,0,0.8,0,0,0,0.4,0.2,0,0.4,0,0,0,0,0,0,0,0,0.75,0.2,0,0,0,0,0,0,0,0,0,0,0,0,0,0.2,0,0.6,0,0,0,0,0,0,0,0,0.2,0.2,0,0.4,0,0.2,0.4,0,0,0,0,0,0,0,0,0,0.3,0.1,0.3,0.1,0,0,0,0,0.2,0,0,0,0.2,0,0.1,0,0.3,0,0,0,0,0,0,0,0,0,0,0,0,0,0,0,0,0,0,0,0,0,0,0.5,0,0,0,0,0,0,0,0,0,0,0,0,0.1,0,0,0,0,0,0,0,0,0,0,0,0,0,0.3,0,0.1,0,0,0.1,0,0,0,0,0,0.2,0,0.3,0,0.225,0,0.55,0.1,0,0,0,0.1,0,0,0,0,0.2,0,0,0,0,0,0,0,0,0,0,0,0,0.2
"OC27_003",1,0,0,0.2,0.3,0,0.4,0,0,0,0,0,0,0,0,0,0.6,0.2,0,0,0,0,0,0,0,0,0,0,0,0,0.6,0.4,0,0.6,0.25,0,0,0,0,0,0,0,0,0,0,0,0,0,0.8,0,0,0,0,0,0,0,0,0,0,0,0.2,0,0.6,0,0,0,0,0,0,0,0,0,0,0,0,0.4,0,0.2,0,0,0,0,0,0,0,0,0,0.2,0,0.25,0,0,0,0,0,0,0,0,0,0,0,0,0.4,0,0.2,0,0,0,0,0,0.2,0,0,0,0.2,0,0.2,0,0,0,0,0,0,0,0,0,0,0,0,0.4,0,0.3,0,0,0,0,0,0,0,0,0,0.2,0,0.2,0,0.2,0.1,0,0,0,0,0,0,0,0,0,0,0,0,0,0,0,0,0,0,0,0,0,0.4,0.2,0.4,0,0,0,0,0,0,0,0,0,0,0,0,0,0,0,0,0,0,0,0,0,0,0,0,0,0,0,0,0,0,0,0,0,0,0,0,0,0,1,0,0,0,0.1,0,0.3,0.1,0,0,0.2,0,0.2,0,0,0.1,0.6,0,0,0,0,0,0,0,0,0,0,0,0,0,0,0.25,0.25,0.25,0,0,0,0,0,0.25,0,0,0,0,0,0.2,0,0.2,0,0,0,0,0,0,0,0,0.4,0,0.4,0,0.2,0,0,0,0,0,0,0,0,0,0.2,0,0.2,0,0,0,0,0,0,0,0,0,0,0,0,0.7,0,0,0.1,0,0,0,0,0.2,0,0,0,0,0,0.4,0,0,0,0,0,0,0,0,0.3,0,0,0,0,0,0,0,0,0,0,0,0,0,0,0,0,0,0,0,0,0,0,0,0,0,0,0,0,0,0,0.675,0,0.1,0,0,0,0,0,0.1,0,0,0,0.3,0,0.2,0,0.1,0,0,0,0,0,0,0,0,0
"OC28_001",1,0,0,0,0,0.225,0,0.25,0,0,0,0,0,0,0,0,0.75,0,0,0,0,0,0,0,0,0,0,0,0,0,0.875,0,0.125,0.666666666666667,0,0,0,0,0,0,0,0,0,0,0,0,0,0,0.4,0,0,0.2,0,0,0,0,0,0,0,0,0.2,0,0.25,0,0,0,0,0,0,0,0,0,0,0,0,0,0.6,0,0,0,0,0,0,0,0,0,0,0.25,0,0,0.25,0,0,0,0,0,0,0,0,0,0,0,0,0,0,0.25,0,0,0,0,0,0,0,0,0,0,0,0,0,0.25,0,0,0,0,0,0,0,0,0,0,0,0,0.25,0,0,0,0,0,0,0,0,0,0,0,0,0,0.2,0,0,0.2,0,0,0,0,0,0,0,0.1,0,0.366666666666667,0,0,0,0,0,0,0,0,0.2,0,0,0,0,0.2,0,0,0.2,0,0,0,0,0,0,0,0,0,0,0,0.5,0.25,0,0,0,0,0,0,0,0,0,0,0,0,0.5,0.333333333333333,0,0,0,0,0,0.775,0,0.2,0,0,0,0,0.2,0,0.2,0.4,0,0,0,0,0,0,0,0,0,0,0,0,0,0.5,0,0,0,0,0,0,0,0,0,0.25,0,0,0,0,0,0,0,0,0,0,0.1,0,0,0.2,0,0,0,0,0,0,0,0,0,0.225,0,0,0.2,0,0,0,0,0,0,0,0,0,0,0.2,0,0,0.1,0,0,0.2,0.2,0,0,0,0,0,0,0.1,0,0.4,0,0,0.1,0,0,0,0,0,0.4,0,0.4,0,0,0,0,0,0,0,0.2,0,0,0,0,0.25,0.25,0.125,0.25,0,0,0,0.125,0,0,0,0,0.6,0,0,0,0,0,0.2,0,0.2,0,0,0,0,0,0,0,0,0,0.366666666666667,0,0,0,0,0,0,0,0,0.1,0,0,0,0,0.225,0,0,0,0.1,0,0,0,0
"OC28_002",1,0,0,0,0,0,0,0,0,0,0,0,0,0,0,0,0.75,0,0,0,0,0,0,0,0,0,0,0,0,0,0.9,0.1,0,0.75,0,0,0,0,0,0,0,0,0,0,0,0,0,0,0.5,0,0,0.2,0,0,0,0,0,0,0,0,0.2,0,0.4,0,0,0,0,0,0,0,0,0,0,0,0,0.2,0.333333333333333,0,0.2,0,0,0,0,0,0,0,0,0.25,0,0,0.2,0,0,0,0,0,0,0,0,0,0,0,0,0,0,0.2,0,0,0,0,0,0,0,0,0.2,0,0.2,0,0,0,0,0,0.2,0,0,0,0,0,0,0.2,0,0,0.25,0,0,0,0,0,0,0,0,0,0,0,0,0,0.2,0,0,0,0,0,0,0,0,0,0.2,0,0,0.2,0,0,0,0,0,0,0,0,0.2,0,0,0,0,0,0,0,0,0,0,0,0,0,0,0.2,0,0,0.2,0,0.2,0,0,0,0,0,0,0.2,0,0,0,0,0.2,0,0,0.6,0,0,0,0,0,1,0,0,0,0,0,0,0.2,0,0,0.25,0,0,0,0,0,0.2,0,0,0,0,0,0,0,0.25,0,0,0,0,0,0,0,0,0,0.2,0,0,0,0,0,0,0,0,0.2,0,0.2,0,0,0,0,0,0,0,0,0,0,0,0,0.25,0,0,0.366666666666667,0,0,0,0,0,0,0,0,0.2,0,0.2,0,0,0,0,0,0,0,0,0,0,0,0,0.5,0,0.25,0,0,0,0,0,0,0,0,0,0,0,0.466666666666667,0,0,0.266666666666667,0,0,0,0.166666666666667,0.1,0,0,0,0,0.2,0,0,0.225,0,0,0,0,0,0,0,0,0.2,0,0,0,0,0.4,0,0,0,0,0,0,0,0,0,0.25,0,0,0.2,0,0,0,0,0,0,0,0,0.1,0,0,0.1,0,0.125,0,0,0,0.125,0,0,0,0
"OC28_003",1,0,0,0.2,0.2,0.2,0,0.2,0,0,0,0,0,0,0,0,0.75,0,0,0,0,0,0,0,0,0,0,0,0,0,0.666666666666667,0.25,0,0.75,0,0,0,0,0,0,0,0,0,0,0,0,0,0,0.5,0,0,0,0,0,0,0,0,0,0,0,0.2,0,0.5,0,0,0,0,0,0,0,0,0,0,0,0,0,0.5,0,0.2,0,0,0,0,0,0,0,0,0.333333333333333,0,0,0.25,0,0,0,0,0,0,0,0,0,0,0,0,0.2,0.2,0.2,0,0,0,0,0,0,0,0,0,0,0,0.2,0,0.2,0,0,0,0,0,0,0,0,0,0,0.2,0,0.25,0,0,0,0,0,0,0,0,0.2,0,0,0.2,0,0.25,0,0,0,0,0,0,0,0,0,0,0.25,0,0.25,0,0,0.2,0,0,0,0,0,0.25,0,0,0.2,0,0,0,0,0,0,0,0,0,0,0,0,0,0,0,0,0,0.2,0,0,0,0,0,0,0,0,0,0,0,0,0,0,0,0,0,0,0,0.8,0,0.2,0,0,0,0,0.25,0,0,0,0,0,0,0,0,0.4,0,0,0,0,0,0,0,0,0,0,0,0,0,0,0,0.2,0.2,0.25,0,0,0,0,0,0,0,0,0.25,0,0,0,0,0,0,0,0,0,0,0,0,0,0,0.25,0,0.2,0.25,0,0,0,0,0,0,0,0,0,0,0.25,0.1,0,0,0,0,0,0,0,0,0,0,0,0.333333333333333,0.4,0,0.4,0,0,0,0,0,0,0,0,0,0,0,0,0,0,0,0,0,0,0,0,0,0,0,0,0,0.291666666666667,0.416666666666667,0,0,0,0.125,0,0,0,0,0.3,0,0,0,0,0,0,0,0,0.2,0,0,0,0,0,0,0,0,0.35,0,0,0,0,0,0,0,0,0.125,0,0.125,0.125,0,0.125,0,0,0,0.125,0,0,0,0
